z_threshold,vol_window,cooldown,horizon,vix_high_quantile,n_events,n_dates,mean_car,se_clustered,ci_lo,ci_hi,p_value,recovery_rate,median_car,mean_car_broad,mean_car_sector,mean_car_idio,diff_broad_minus_idio,mean_car_avol_q4,mean_car_avol_q1,diff_avol_q4_minus_q1,mean_car_high_vix,mean_car_low_vix,diff_high_minus_low_vix,ols_adj_r2,beta_crash_z,p_crash_z,beta_avol,p_avol,beta_rv20,p_rv20
-2.5,40,5,5,0.6,30913,3832,-0.0018647461634540377,0.000629819165515358,-0.00309955916889123,-0.0006299331580168451,0.0030875958117689774,0.4805421667259729,-0.0013579343739980043,-0.0029843225669585987,-0.002893175610428794,-0.000979139868004843,-0.0020051826989537554,-0.0013727569916618682,-0.0019763288627736584,0.0006035718711117901,-0.002239410337487955,-0.0016141002407429772,-0.0006253100967449777,0.011978286063305865,4.557696015788323e-05,0.8950017371312172,-0.0022698576578406167,0.007301119760577106,0.038037799459947154,3.9285768391390344e-08
-2.5,40,5,5,0.75,30913,3832,-0.0018647461634540377,0.000629819165515358,-0.00309955916889123,-0.0006299331580168451,0.0030875958117689774,0.4805421667259729,-0.0013579343739980043,-0.0029843225669585987,-0.002893175610428794,-0.000979139868004843,-0.0020051826989537554,-0.0013727569916618682,-0.0019763288627736584,0.0006035718711117901,-0.0033561501088807044,-0.0013666032152987535,-0.0019895468935819506,0.011978286063305865,4.557696015788323e-05,0.8950017371312172,-0.0022698576578406167,0.007301119760577106,0.038037799459947154,3.9285768391390344e-08
-2.5,40,5,5,0.9,30913,3832,-0.0018647461634540377,0.000629819165515358,-0.00309955916889123,-0.0006299331580168451,0.0030875958117689774,0.4805421667259729,-0.0013579343739980043,-0.0029843225669585987,-0.002893175610428794,-0.000979139868004843,-0.0020051826989537554,-0.0013727569916618682,-0.0019763288627736584,0.0006035718711117901,-0.008064043154971461,-0.0011703107221940913,-0.006893732432777369,0.011978286063305865,4.557696015788323e-05,0.8950017371312172,-0.0022698576578406167,0.007301119760577106,0.038037799459947154,3.9285768391390344e-08
-2.5,40,5,10,0.6,30887,3827,-0.001278511030886591,0.0008567245702473828,-0.00295819170156891,0.00040116963979572795,0.13569655656236307,0.4861268494836015,-0.0013808185257457861,-0.0019318485548984992,-0.0006034593019941888,-0.0009930378913240165,-0.0009388106635744827,3.0289546508663584e-05,-0.0023278979321362686,0.002358187478644932,-0.0009339173088806826,-0.00150936423208551,0.0005754469232048273,0.007469153464157108,1.2147352896410828e-05,0.9799897084914698,-0.0007044732238920427,0.5281627375850328,0.04381909871318754,8.653629306095304e-08
-2.5,40,5,10,0.75,30887,3827,-0.001278511030886591,0.0008567245702473828,-0.00295819170156891,0.00040116963979572795,0.13569655656236307,0.4861268494836015,-0.0013808185257457861,-0.0019318485548984992,-0.0006034593019941888,-0.0009930378913240165,-0.0009388106635744827,3.0289546508663584e-05,-0.0023278979321362686,0.002358187478644932,-0.0011175311558092478,-0.0013323402196842166,0.00021480906387496873,0.007469153464157108,1.2147352896410828e-05,0.9799897084914698,-0.0007044732238920427,0.5281627375850328,0.04381909871318754,8.653629306095304e-08
-2.5,40,5,10,0.9,30887,3827,-0.001278511030886591,0.0008567245702473828,-0.00295819170156891,0.00040116963979572795,0.13569655656236307,0.4861268494836015,-0.0013808185257457861,-0.0019318485548984992,-0.0006034593019941888,-0.0009930378913240165,-0.0009388106635744827,3.0289546508663584e-05,-0.0023278979321362686,0.002358187478644932,-0.0074534566746454894,-0.0005861558393456982,-0.006867300835299791,0.007469153464157108,1.2147352896410828e-05,0.9799897084914698,-0.0007044732238920427,0.5281627375850328,0.04381909871318754,8.653629306095304e-08
-2.5,40,5,20,0.6,30854,3819,-0.001781090414478158,0.0011109294225399354,-0.00395916255064191,0.0003969817216855937,0.10896361369086292,0.4801322356906722,-0.0029018602072292676,-0.003024790171151293,-0.0010539289833086947,-0.001221870046287496,-0.001802920124863797,-0.0001583800496846705,-0.002886249808189282,0.0027278697585046115,-0.0012525275905674233,-0.002133484665380615,0.0008809570748131916,0.005638815355398341,-4.726496968827781e-05,0.9411570940414484,-0.0017871398267192088,0.2372052097778211,0.0492244524619183,4.945422699270452e-07
-2.5,40,5,20,0.75,30854,3819,-0.001781090414478158,0.0011109294225399354,-0.00395916255064191,0.0003969817216855937,0.10896361369086292,0.4801322356906722,-0.0029018602072292676,-0.003024790171151293,-0.0010539289833086947,-0.001221870046287496,-0.001802920124863797,-0.0001583800496846705,-0.002886249808189282,0.0027278697585046115,-0.0014801904791975694,-0.0018814164009378041,0.00040122592174023477,0.005638815355398341,-4.726496968827781e-05,0.9411570940414484,-0.0017871398267192088,0.2372052097778211,0.0492244524619183,4.945422699270452e-07
-2.5,40,5,20,0.9,30854,3819,-0.001781090414478158,0.0011109294225399354,-0.00395916255064191,0.0003969817216855937,0.10896361369086292,0.4801322356906722,-0.0029018602072292676,-0.003024790171151293,-0.0010539289833086947,-0.001221870046287496,-0.001802920124863797,-0.0001583800496846705,-0.002886249808189282,0.0027278697585046115,-0.008905439973226782,-0.0009813346637231755,-0.007924105309503606,0.005638815355398341,-4.726496968827781e-05,0.9411570940414484,-0.0017871398267192088,0.2372052097778211,0.0492244524619183,4.945422699270452e-07
-2.5,40,5,60,0.6,30611,3781,-0.0010784382504868233,0.0018369283556982621,-0.0046799048614337025,0.002523028360460056,0.5571797948073844,0.48632844402339026,-0.003695900996073087,0.0012610912469759009,0.0033516001204948187,-0.0032915853093787853,0.004552676556354687,0.002995380471933649,-0.0029220969886126344,0.005917477460546283,0.005192232047060616,-0.005280324474202116,0.010472556521262732,0.01679175256295007,0.0006961452447469774,0.33260857635092445,-0.0017100989344011768,0.4483359058977924,0.12533832611056483,1.1027392104665275e-14
-2.5,40,5,60,0.75,30611,3781,-0.0010784382504868233,0.0018369283556982621,-0.0046799048614337025,0.002523028360460056,0.5571797948073844,0.48632844402339026,-0.003695900996073087,0.0012610912469759009,0.0033516001204948187,-0.0032915853093787853,0.004552676556354687,0.002995380471933649,-0.0029220969886126344,0.005917477460546283,0.008980550852013366,-0.004436840555744413,0.01341739140775778,0.01679175256295007,0.0006961452447469774,0.33260857635092445,-0.0017100989344011768,0.4483359058977924,0.12533832611056483,1.1027392104665275e-14
-2.5,40,5,60,0.9,30611,3781,-0.0010784382504868233,0.0018369283556982621,-0.0046799048614337025,0.002523028360460056,0.5571797948073844,0.48632844402339026,-0.003695900996073087,0.0012610912469759009,0.0033516001204948187,-0.0032915853093787853,0.004552676556354687,0.002995380471933649,-0.0029220969886126344,0.005917477460546283,-0.003411449320448488,-0.0008143221889263205,-0.0025971271315221676,0.01679175256295007,0.0006961452447469774,0.33260857635092445,-0.0017100989344011768,0.4483359058977924,0.12533832611056483,1.1027392104665275e-14
-2.5,40,10,5,0.6,28304,3767,-0.0019356023548846367,0.0005868800454209658,-0.003086235910288607,-0.0007849687994806664,0.0009823758922987993,0.4783776144714528,-0.001531222807811039,-0.0032565260284766096,-0.002140375803921928,-0.0011217805070546,-0.0021347455214220093,-0.002100831803706712,-0.0017023863302772465,-0.00039844547342946543,-0.0024282077377994677,-0.001605289555776132,-0.0008229181820233358,0.010447294073376412,-6.45281694424556e-06,0.986095875372296,-0.002664186938686633,0.0021708590512497755,0.029652751767037144,7.766860862118337e-06
-2.5,40,10,5,0.75,28304,3767,-0.0019356023548846367,0.0005868800454209658,-0.003086235910288607,-0.0007849687994806664,0.0009823758922987993,0.4783776144714528,-0.001531222807811039,-0.0032565260284766096,-0.002140375803921928,-0.0011217805070546,-0.0021347455214220093,-0.002100831803706712,-0.0017023863302772465,-0.00039844547342946543,-0.0032452342157835872,-0.0014915406835470401,-0.0017536935322365471,0.010447294073376412,-6.45281694424556e-06,0.986095875372296,-0.002664186938686633,0.0021708590512497755,0.029652751767037144,7.766860862118337e-06
-2.5,40,10,5,0.9,28304,3767,-0.0019356023548846367,0.0005868800454209658,-0.003086235910288607,-0.0007849687994806664,0.0009823758922987993,0.4783776144714528,-0.001531222807811039,-0.0032565260284766096,-0.002140375803921928,-0.0011217805070546,-0.0021347455214220093,-0.002100831803706712,-0.0017023863302772465,-0.00039844547342946543,-0.008187940116966727,-0.0012382791046367126,-0.006949661012330015,0.010447294073376412,-6.45281694424556e-06,0.986095875372296,-0.002664186938686633,0.0021708590512497755,0.029652751767037144,7.766860862118337e-06
-2.5,40,10,10,0.6,28278,3762,-0.001347537854728418,0.000828041238431117,-0.0029709913165535742,0.0002759156070967384,0.10374015551625419,0.4845816535822901,-0.0015873753609512153,-0.001946442398219067,0.00018028857372992925,-0.0012503001759275388,-0.0006961422222915281,-0.0009051591875660894,-0.0018997730227286404,0.000994613835162551,-0.0009143684397803493,-0.0016384427269412816,0.0007240742871609323,0.0068906868038786095,9.912144314520838e-05,0.8512362015614614,-0.0016445206370707872,0.1624983202708309,0.036687882204573335,2.6978238434203825e-07
-2.5,40,10,10,0.75,28278,3762,-0.001347537854728418,0.000828041238431117,-0.0029709913165535742,0.0002759156070967384,0.10374015551625419,0.4845816535822901,-0.0015873753609512153,-0.001946442398219067,0.00018028857372992925,-0.0012503001759275388,-0.0006961422222915281,-0.0009051591875660894,-0.0018997730227286404,0.000994613835162551,-0.0013125105852664712,-0.0013594293065892383,4.69187213227671e-05,0.0068906868038786095,9.912144314520838e-05,0.8512362015614614,-0.0016445206370707872,0.1624983202708309,0.036687882204573335,2.6978238434203825e-07
-2.5,40,10,10,0.9,28278,3762,-0.001347537854728418,0.000828041238431117,-0.0029709913165535742,0.0002759156070967384,0.10374015551625419,0.4845816535822901,-0.0015873753609512153,-0.001946442398219067,0.00018028857372992925,-0.0012503001759275388,-0.0006961422222915281,-0.0009051591875660894,-0.0018997730227286404,0.000994613835162551,-0.005584854939610872,-0.0008744668380971506,-0.004710388101513721,0.0068906868038786095,9.912144314520838e-05,0.8512362015614614,-0.0016445206370707872,0.1624983202708309,0.036687882204573335,2.6978238434203825e-07
-2.5,40,10,20,0.6,28246,3754,-0.0020378852966726393,0.0011020706553980274,-0.004198600929409555,0.0001228303360642758,0.06451587693345401,0.47865184450895704,-0.0030661521734218766,-0.003348264311327223,-0.00039316188185131403,-0.0016351783004857222,-0.0017130860108415006,-0.00133758960007688,-0.0024683071689083525,0.0011307175688314724,-0.0014060342376198463,-0.00246302357809987,0.0010569893404800237,0.004797329160769359,0.00010306373132508086,0.8831258853809499,-0.0026130921905093024,0.10462168762144326,0.0412972382709164,6.852215449712448e-05
-2.5,40,10,20,0.75,28246,3754,-0.0020378852966726393,0.0011020706553980274,-0.004198600929409555,0.0001228303360642758,0.06451587693345401,0.47865184450895704,-0.0030661521734218766,-0.003348264311327223,-0.00039316188185131403,-0.0016351783004857222,-0.0017130860108415006,-0.00133758960007688,-0.0024683071689083525,0.0011307175688314724,-0.002886677583916113,-0.0017492902816020016,-0.0011373873023141116,0.004797329160769359,0.00010306373132508086,0.8831258853809499,-0.0026130921905093024,0.10462168762144326,0.0412972382709164,6.852215449712448e-05
-2.5,40,10,20,0.9,28246,3754,-0.0020378852966726393,0.0011020706553980274,-0.004198600929409555,0.0001228303360642758,0.06451587693345401,0.47865184450895704,-0.0030661521734218766,-0.003348264311327223,-0.00039316188185131403,-0.0016351783004857222,-0.0017130860108415006,-0.00133758960007688,-0.0024683071689083525,0.0011307175688314724,-0.007301007820284096,-0.0014495491569002808,-0.005851458663383815,0.004797329160769359,0.00010306373132508086,0.8831258853809499,-0.0026130921905093024,0.10462168762144326,0.0412972382709164,6.852215449712448e-05
-2.5,40,10,60,0.6,28010,3716,-0.0018797976946327533,0.0018652388461904326,-0.005536790114661567,0.0017771947253960609,0.31361355075701314,0.4838272045697965,-0.004365506592447943,-0.0005720368382429547,0.00427021694267352,-0.0036699913100416977,0.003097954471798743,0.0010649063799985322,-0.002867660105455622,0.0039325664854541545,0.0034193548000252443,-0.005413617193272215,0.00883297199329746,0.011965951361546767,0.0008969352546443745,0.23544825516157164,-0.0024860769785975652,0.2698839662542447,0.11511554688913804,5.867366827031087e-13
-2.5,40,10,60,0.75,28010,3716,-0.0018797976946327533,0.0018652388461904326,-0.005536790114661567,0.0017771947253960609,0.31361355075701314,0.4838272045697965,-0.004365506592447943,-0.0005720368382429547,0.00427021694267352,-0.0036699913100416977,0.003097954471798743,0.0010649063799985322,-0.002867660105455622,0.0039325664854541545,0.004895233805964312,-0.0042085624200718505,0.009103796226036163,0.011965951361546767,0.0008969352546443745,0.23544825516157164,-0.0024860769785975652,0.2698839662542447,0.11511554688913804,5.867366827031087e-13
-2.5,40,10,60,0.9,28010,3716,-0.0018797976946327533,0.0018652388461904326,-0.005536790114661567,0.0017771947253960609,0.31361355075701314,0.4838272045697965,-0.004365506592447943,-0.0005720368382429547,0.00427021694267352,-0.0036699913100416977,0.003097954471798743,0.0010649063799985322,-0.002867660105455622,0.0039325664854541545,-0.006200917956290821,-0.0013966239647438638,-0.004804293991546957,0.011965951361546767,0.0008969352546443745,0.23544825516157164,-0.0024860769785975652,0.2698839662542447,0.11511554688913804,5.867366827031087e-13
-2.5,40,20,5,0.6,24702,3646,-0.0017668904474407558,0.000524688570815061,-0.0027956027433007386,-0.000738178151580773,0.000766386710691372,0.47720832321269535,-0.0015700911318908828,-0.0023145475359949144,-0.003220588923355483,-0.001207634943156389,-0.0011069125928385253,-0.0018650644875108306,-0.0017546060102589518,-0.00011045847725187877,-0.0019145249789657664,-0.001668464106033386,-0.00024606087293238045,0.006451472012940274,-0.0001513739573583484,0.7035964401528928,-0.0021006619495855367,0.021205912263507685,0.026782397225171072,0.00026232849200987597
-2.5,40,20,5,0.75,24702,3646,-0.0017668904474407558,0.000524688570815061,-0.0027956027433007386,-0.000738178151580773,0.000766386710691372,0.47720832321269535,-0.0015700911318908828,-0.0023145475359949144,-0.003220588923355483,-0.001207634943156389,-0.0011069125928385253,-0.0018650644875108306,-0.0017546060102589518,-0.00011045847725187877,-0.002323822055689533,-0.0015787329857717856,-0.0007450890699177474,0.006451472012940274,-0.0001513739573583484,0.7035964401528928,-0.0021006619495855367,0.021205912263507685,0.026782397225171072,0.00026232849200987597
-2.5,40,20,5,0.9,24702,3646,-0.0017668904474407558,0.000524688570815061,-0.0027956027433007386,-0.000738178151580773,0.000766386710691372,0.47720832321269535,-0.0015700911318908828,-0.0023145475359949144,-0.003220588923355483,-0.001207634943156389,-0.0011069125928385253,-0.0018650644875108306,-0.0017546060102589518,-0.00011045847725187877,-0.0037944341785696016,-0.0015341044896832064,-0.002260329688886395,0.006451472012940274,-0.0001513739573583484,0.7035964401528928,-0.0021006619495855367,0.021205912263507685,0.026782397225171072,0.00026232849200987597
-2.5,40,20,10,0.6,24676,3641,-0.0013343700025707209,0.0007385847570555077,-0.002782451035880348,0.00011371103073890671,0.07089818164962405,0.48265521154157887,-0.0017390069170375444,-0.0013402929872230113,-0.0007135373931358316,-0.00141238538967984,7.209240245682866e-05,-0.001154439104158699,-0.0017524107785402926,0.0005979716743815936,-0.0007858776192217322,-0.0017005628967455303,0.0009146852775237981,0.0053336769184121335,-9.04710920555058e-05,0.8752551084402725,-0.0013320419426871347,0.29008340918615017,0.033249944741052126,1.6812178683758058e-05
-2.5,40,20,10,0.75,24676,3641,-0.0013343700025707209,0.0007385847570555077,-0.002782451035880348,0.00011371103073890671,0.07089818164962405,0.48265521154157887,-0.0017390069170375444,-0.0013402929872230113,-0.0007135373931358316,-0.00141238538967984,7.209240245682866e-05,-0.001154439104158699,-0.0017524107785402926,0.0005979716743815936,-0.0007799795042132632,-0.001521933074962185,0.0007419535707489217,0.0053336769184121335,-9.04710920555058e-05,0.8752551084402725,-0.0013320419426871347,0.29008340918615017,0.033249944741052126,1.6812178683758058e-05
-2.5,40,20,10,0.9,24676,3641,-0.0013343700025707209,0.0007385847570555077,-0.002782451035880348,0.00011371103073890671,0.07089818164962405,0.48265521154157887,-0.0017390069170375444,-0.0013402929872230113,-0.0007135373931358316,-0.00141238538967984,7.209240245682866e-05,-0.001154439104158699,-0.0017524107785402926,0.0005979716743815936,-0.002635754684570866,-0.0011847801493713548,-0.001450974535199511,0.0053336769184121335,-9.04710920555058e-05,0.8752551084402725,-0.0013320419426871347,0.29008340918615017,0.033249944741052126,1.6812178683758058e-05
-2.5,40,20,20,0.6,24646,3633,-0.0019474021375963757,0.0010224269108170508,-0.003951990085143211,5.718580995045953e-05,0.05689983207955857,0.47695366388054855,-0.0033877700140824696,-0.0022639979141535127,-0.001583568637778315,-0.0018897671771352402,-0.0003742307370182725,-0.0012110891097711417,-0.002248814022519094,0.0010377249127479522,-0.0009988955769798889,-0.002581945126174304,0.0015830495491944152,0.005116389568156521,-6.195236828878862e-05,0.935806443433767,-0.0023794942368792703,0.1734138255448987,0.04972162609681768,7.148155142208016e-05
-2.5,40,20,20,0.75,24646,3633,-0.0019474021375963757,0.0010224269108170508,-0.003951990085143211,5.718580995045953e-05,0.05689983207955857,0.47695366388054855,-0.0033877700140824696,-0.0022639979141535127,-0.001583568637778315,-0.0018897671771352402,-0.0003742307370182725,-0.0012110891097711417,-0.002248814022519094,0.0010377249127479522,-0.001478303927065544,-0.0021063675133727415,0.0006280635863071976,0.005116389568156521,-6.195236828878862e-05,0.935806443433767,-0.0023794942368792703,0.1734138255448987,0.04972162609681768,7.148155142208016e-05
-2.5,40,20,20,0.9,24646,3633,-0.0019474021375963757,0.0010224269108170508,-0.003951990085143211,5.718580995045953e-05,0.05689983207955857,0.47695366388054855,-0.0033877700140824696,-0.0022639979141535127,-0.001583568637778315,-0.0018897671771352402,-0.0003742307370182725,-0.0012110891097711417,-0.002248814022519094,0.0010377249127479522,-0.0023172556254399757,-0.0019048310004561118,-0.0004124246249838639,0.005116389568156521,-6.195236828878862e-05,0.935806443433767,-0.0023794942368792703,0.1734138255448987,0.04972162609681768,7.148155142208016e-05
-2.5,40,20,60,0.6,24438,3597,-0.0021283898642352793,0.0018870338690292483,-0.005828153568138511,0.0015713738396679524,0.2594364248208111,0.4811768557165071,-0.0050167578739934715,-0.00031399783519386486,0.0036291933273738513,-0.004047565708249931,0.0037335678730560664,0.00017944123168408898,-0.0022681562905807586,0.0024475975222648474,0.002438338998015097,-0.005199859615062359,0.007638198613077456,0.011717318775991026,0.0008204991260064247,0.3127424218664302,-0.002342805171175039,0.3324005538094986,0.12267996471214919,5.368070391234266e-11
-2.5,40,20,60,0.75,24438,3597,-0.0021283898642352793,0.0018870338690292483,-0.005828153568138511,0.0015713738396679524,0.2594364248208111,0.4811768557165071,-0.0050167578739934715,-0.00031399783519386486,0.0036291933273738513,-0.004047565708249931,0.0037335678730560664,0.00017944123168408898,-0.0022681562905807586,0.0024475975222648474,0.004486191599032709,-0.004334453484419386,0.008820645083452094,0.011717318775991026,0.0008204991260064247,0.3127424218664302,-0.002342805171175039,0.3324005538094986,0.12267996471214919,5.368070391234266e-11
-2.5,40,20,60,0.9,24438,3597,-0.0021283898642352793,0.0018870338690292483,-0.005828153568138511,0.0015713738396679524,0.2594364248208111,0.4811768557165071,-0.0050167578739934715,-0.00031399783519386486,0.0036291933273738513,-0.004047565708249931,0.0037335678730560664,0.00017944123168408898,-0.0022681562905807586,0.0024475975222648474,-0.0033160542458898043,-0.0019903877546651187,-0.0013256664912246856,0.011717318775991026,0.0008204991260064247,0.3127424218664302,-0.002342805171175039,0.3324005538094986,0.12267996471214919,5.368070391234266e-11
-2.5,40,40,5,0.6,20980,3454,-0.0013236053660912119,0.0005500308399696801,-0.0024020240138384248,-0.00024518671834399897,0.01616192981449754,0.47969494756911346,-0.001329401094603444,-0.0011957311418951645,-0.0024787080137838417,-0.0011757891391924462,-1.9942002702718264e-05,-0.0011562527426352569,-0.0016619815277402654,0.0005057287851050086,-0.001052813587366552,-0.0015043843303634017,0.0004515707429968497,0.011480298775799036,-0.000376400343684298,0.39002189825880473,-0.002850627520523338,0.004995553162808714,0.04342165407239099,1.6514995251661725e-06
-2.5,40,40,5,0.75,20980,3454,-0.0013236053660912119,0.0005500308399696801,-0.0024020240138384248,-0.00024518671834399897,0.01616192981449754,0.47969494756911346,-0.001329401094603444,-0.0011957311418951645,-0.0024787080137838417,-0.0011757891391924462,-1.9942002702718264e-05,-0.0011562527426352569,-0.0016619815277402654,0.0005057287851050086,-0.001134494503654618,-0.0013867385047938983,0.0002522440011392803,0.011480298775799036,-0.000376400343684298,0.39002189825880473,-0.002850627520523338,0.004995553162808714,0.04342165407239099,1.6514995251661725e-06
-2.5,40,40,5,0.9,20980,3454,-0.0013236053660912119,0.0005500308399696801,-0.0024020240138384248,-0.00024518671834399897,0.01616192981449754,0.47969494756911346,-0.001329401094603444,-0.0011957311418951645,-0.0024787080137838417,-0.0011757891391924462,-1.9942002702718264e-05,-0.0011562527426352569,-0.0016619815277402654,0.0005057287851050086,-0.00255255334041835,-0.0011864044239035744,-0.0013661489165147757,0.011480298775799036,-0.000376400343684298,0.39002189825880473,-0.002850627520523338,0.004995553162808714,0.04342165407239099,1.6514995251661725e-06
-2.5,40,40,10,0.6,20958,3449,-0.0008136745710375336,0.0007241260315377654,-0.002233433893708164,0.0006060847516330965,0.26123369278670006,0.4833953621528772,-0.0016375424363714863,0.0002523228164169488,-0.00022317615604011112,-0.0014295397844969308,0.0016818626009138795,-0.00029280367358366845,-0.0020672006219493422,0.0017743969483656739,0.00026294482138219087,-0.0015336782558001147,0.0017966230771823055,0.008152559805574278,-0.00023859860066357663,0.7122326238650662,-0.0014314506233195638,0.3058040042392295,0.0474405725591802,1.1533661821423991e-06
-2.5,40,40,10,0.75,20958,3449,-0.0008136745710375336,0.0007241260315377654,-0.002233433893708164,0.0006060847516330965,0.26123369278670006,0.4833953621528772,-0.0016375424363714863,0.0002523228164169488,-0.00022317615604011112,-0.0014295397844969308,0.0016818626009138795,-0.00029280367358366845,-0.0020672006219493422,0.0017743969483656739,-8.148394816879285e-05,-0.0010584528839352066,0.0009769689357664137,0.008152559805574278,-0.00023859860066357663,0.7122326238650662,-0.0014314506233195638,0.3058040042392295,0.0474405725591802,1.1533661821423991e-06
-2.5,40,40,10,0.9,20958,3449,-0.0008136745710375336,0.0007241260315377654,-0.002233433893708164,0.0006060847516330965,0.26123369278670006,0.4833953621528772,-0.0016375424363714863,0.0002523228164169488,-0.00022317615604011112,-0.0014295397844969308,0.0016818626009138795,-0.00029280367358366845,-0.0020672006219493422,0.0017743969483656739,-0.001570169905558637,-0.0007291201352072874,-0.0008410497703513495,0.008152559805574278,-0.00023859860066357663,0.7122326238650662,-0.0014314506233195638,0.3058040042392295,0.0474405725591802,1.1533661821423991e-06
-2.5,40,40,20,0.6,20928,3441,-0.001605879513346242,0.0009965090437412168,-0.0035596887934114126,0.00034792976671892866,0.10716139162703714,0.47515290519877673,-0.0037802291055965553,-0.0008255197640397581,-0.0017293246234396538,-0.0020620374371332338,0.0012365176730934756,-0.00042715471689816655,-0.002749449737189913,0.0023222950202917464,0.00038913647280871893,-0.002936896711151373,0.003326033183960092,0.00860279712111267,-0.0006613280432949299,0.43937170165553874,-0.003764465018286655,0.05408427373265413,0.06567763641206183,9.250437788822719e-06
-2.5,40,40,20,0.75,20928,3441,-0.001605879513346242,0.0009965090437412168,-0.0035596887934114126,0.00034792976671892866,0.10716139162703714,0.47515290519877673,-0.0037802291055965553,-0.0008255197640397581,-0.0017293246234396538,-0.0020620374371332338,0.0012365176730934756,-0.00042715471689816655,-0.002749449737189913,0.0023222950202917464,0.0002055078067293322,-0.0022096752867047675,0.0024151830934341,0.00860279712111267,-0.0006613280432949299,0.43937170165553874,-0.003764465018286655,0.05408427373265413,0.06567763641206183,9.250437788822719e-06
-2.5,40,40,20,0.9,20928,3441,-0.001605879513346242,0.0009965090437412168,-0.0035596887934114126,0.00034792976671892866,0.10716139162703714,0.47515290519877673,-0.0037802291055965553,-0.0008255197640397581,-0.0017293246234396538,-0.0020620374371332338,0.0012365176730934756,-0.00042715471689816655,-0.002749449737189913,0.0023222950202917464,-0.0003658253271145472,-0.0017447028580351636,0.0013788775309206164,0.00860279712111267,-0.0006613280432949299,0.43937170165553874,-0.003764465018286655,0.05408427373265413,0.06567763641206183,9.250437788822719e-06
-2.5,40,40,60,0.6,20749,3404,-0.0015783586122244157,0.0018942115641499035,-0.005292265995965237,0.0021355487715164065,0.4047601948804228,0.48233649814448887,-0.004562681214483444,0.0009649807142455015,0.005208644316148847,-0.004008499870825346,0.004973480585070848,0.0008135249565006288,-0.0035103075618934804,0.004323832518394109,0.004284373729104882,-0.005510765440735008,0.00979513916983989,0.016164584335994325,0.000515904266268477,0.5623461894104154,-0.004126892986277174,0.12018941622027075,0.14280859202048723,1.1199269073522017e-11
-2.5,40,40,60,0.75,20749,3404,-0.0015783586122244157,0.0018942115641499035,-0.005292265995965237,0.0021355487715164065,0.4047601948804228,0.48233649814448887,-0.004562681214483444,0.0009649807142455015,0.005208644316148847,-0.004008499870825346,0.004973480585070848,0.0008135249565006288,-0.0035103075618934804,0.004323832518394109,0.005826155851528887,-0.0040533548299975285,0.009879510681526416,0.016164584335994325,0.000515904266268477,0.5623461894104154,-0.004126892986277174,0.12018941622027075,0.14280859202048723,1.1199269073522017e-11
-2.5,40,40,60,0.9,20749,3404,-0.0015783586122244157,0.0018942115641499035,-0.005292265995965237,0.0021355487715164065,0.4047601948804228,0.48233649814448887,-0.004562681214483444,0.0009649807142455015,0.005208644316148847,-0.004008499870825346,0.004973480585070848,0.0008135249565006288,-0.0035103075618934804,0.004323832518394109,-0.0025132163146040234,-0.0014744243440221953,-0.001038791970581828,0.016164584335994325,0.000515904266268477,0.5623461894104154,-0.004126892986277174,0.12018941622027075,0.14280859202048723,1.1199269073522017e-11
-2.5,60,5,5,0.6,28586,3727,-0.0019418313379180995,0.0006854802023545105,-0.003285784417864035,-0.0005978782579721643,0.004638952280863396,0.47901070454068423,-0.001519615315456857,-0.0030548218581041542,-0.0025545755696761716,-0.0010632822921492723,-0.001991539565954882,-0.0016442043723475382,-0.0025192876728787356,0.0008750833005311974,-0.002411376063594428,-0.0016279976622763752,-0.000783378401318053,0.014646325555685458,0.00012639833707242036,0.743056124315444,-0.0025980294625712764,0.003486533620701678,0.040291853617220166,6.232585037108117e-10
-2.5,60,5,5,0.75,28586,3727,-0.0019418313379180995,0.0006854802023545105,-0.003285784417864035,-0.0005978782579721643,0.004638952280863396,0.47901070454068423,-0.001519615315456857,-0.0030548218581041542,-0.0025545755696761716,-0.0010632822921492723,-0.001991539565954882,-0.0016442043723475382,-0.0025192876728787356,0.0008750833005311974,-0.0035887623368005767,-0.0013904447455578384,-0.0021983175912427383,0.014646325555685458,0.00012639833707242036,0.743056124315444,-0.0025980294625712764,0.003486533620701678,0.040291853617220166,6.232585037108117e-10
-2.5,60,5,5,0.9,28586,3727,-0.0019418313379180995,0.0006854802023545105,-0.003285784417864035,-0.0005978782579721643,0.004638952280863396,0.47901070454068423,-0.001519615315456857,-0.0030548218581041542,-0.0025545755696761716,-0.0010632822921492723,-0.001991539565954882,-0.0016442043723475382,-0.0025192876728787356,0.0008750833005311974,-0.008716378873737236,-0.0011699204582230193,-0.007546458415514217,0.014646325555685458,0.00012639833707242036,0.743056124315444,-0.0025980294625712764,0.003486533620701678,0.040291853617220166,6.232585037108117e-10
-2.5,60,5,10,0.6,28563,3722,-0.0013839978373586716,0.0009238940901200423,-0.0031953861835932037,0.00042739050887586044,0.1342168102248589,0.4864334978818752,-0.001391862712610048,-0.0021606041839516655,-0.0005383444554867819,-0.001015443418557184,-0.0011451607653944816,-0.00013738477217441883,-0.003471156774440273,0.003333772002265854,-0.001462522992777803,-0.0013314427511650006,-0.00013108024161280246,0.008886279150340126,-5.171622960527321e-05,0.9231115981362104,-0.0006815014658354383,0.5601257281254093,0.04337820201294633,8.28510268021681e-09
-2.5,60,5,10,0.75,28563,3722,-0.0013839978373586716,0.0009238940901200423,-0.0031953861835932037,0.00042739050887586044,0.1342168102248589,0.4864334978818752,-0.001391862712610048,-0.0021606041839516655,-0.0005383444554867819,-0.001015443418557184,-0.0011451607653944816,-0.00013738477217441883,-0.003471156774440273,0.003333772002265854,-0.0016370998482796912,-0.0012991690887818605,-0.0003379307594978307,0.008886279150340126,-5.171622960527321e-05,0.9231115981362104,-0.0006815014658354383,0.5601257281254093,0.04337820201294633,8.28510268021681e-09
-2.5,60,5,10,0.9,28563,3722,-0.0013839978373586716,0.0009238940901200423,-0.0031953861835932037,0.00042739050887586044,0.1342168102248589,0.4864334978818752,-0.001391862712610048,-0.0021606041839516655,-0.0005383444554867819,-0.001015443418557184,-0.0011451607653944816,-0.00013738477217441883,-0.003471156774440273,0.003333772002265854,-0.00806804458496438,-0.0006217156621568659,-0.007446328922807515,0.008886279150340126,-5.171622960527321e-05,0.9231115981362104,-0.0006815014658354383,0.5601257281254093,0.04337820201294633,8.28510268021681e-09
-2.5,60,5,20,0.6,28534,3714,-0.0020353182814878026,0.001212088201211453,-0.004411742164911302,0.000341105601935697,0.09320046062649598,0.48005887712903905,-0.002917110100272513,-0.0033355102768212745,0.00010647379977449443,-0.001607213509739703,-0.0017282967670815715,-0.0003050951987767205,-0.003487223193519247,0.0031821279947425265,-0.0014545088084111756,-0.0024225472140635396,0.000968038405652364,0.007303662259279031,-0.00010481314659269248,0.88103862217552,-0.001836759665186647,0.23786651138813264,0.04739403607010133,9.716168816595086e-07
-2.5,60,5,20,0.75,28534,3714,-0.0020353182814878026,0.001212088201211453,-0.004411742164911302,0.000341105601935697,0.09320046062649598,0.48005887712903905,-0.002917110100272513,-0.0033355102768212745,0.00010647379977449443,-0.001607213509739703,-0.0017282967670815715,-0.0003050951987767205,-0.003487223193519247,0.0031821279947425265,-0.0016308736816609097,-0.0021710544629500203,0.0005401807812891106,0.007303662259279031,-0.00010481314659269248,0.88103862217552,-0.001836759665186647,0.23786651138813264,0.04739403607010133,9.716168816595086e-07
-2.5,60,5,20,0.9,28534,3714,-0.0020353182814878026,0.001212088201211453,-0.004411742164911302,0.000341105601935697,0.09320046062649598,0.48005887712903905,-0.002917110100272513,-0.0033355102768212745,0.00010647379977449443,-0.001607213509739703,-0.0017282967670815715,-0.0003050951987767205,-0.003487223193519247,0.0031821279947425265,-0.0070095019370342675,-0.001482502076155653,-0.005526999860878614,0.007303662259279031,-0.00010481314659269248,0.88103862217552,-0.001836759665186647,0.23786651138813264,0.04739403607010133,9.716168816595086e-07
-2.5,60,5,60,0.6,28275,3675,-0.0014611815392998157,0.001971145909208715,-0.0053258296944044565,0.0024034666158048255,0.45856783414990965,0.48307692307692307,-0.004562337615207301,0.0008284304173972838,0.004318413372674772,-0.0041431999076551596,0.004971630325052444,0.0035806660405348157,-0.004114234583774724,0.00769490062430954,0.004731420916925199,-0.0055920172323444374,0.010323438149269636,0.020346792724681872,0.00103926816241531,0.1816237943308805,0.0002068839027689282,0.9297434750641339,0.11455164758427613,1.3500244560181084e-13
-2.5,60,5,60,0.75,28275,3675,-0.0014611815392998157,0.001971145909208715,-0.0053258296944044565,0.0024034666158048255,0.45856783414990965,0.48307692307692307,-0.004562337615207301,0.0008284304173972838,0.004318413372674772,-0.0041431999076551596,0.004971630325052444,0.0035806660405348157,-0.004114234583774724,0.00769490062430954,0.008282513861017173,-0.004770787922549721,0.013053301783566893,0.020346792724681872,0.00103926816241531,0.1816237943308805,0.0002068839027689282,0.9297434750641339,0.11455164758427613,1.3500244560181084e-13
-2.5,60,5,60,0.9,28275,3675,-0.0014611815392998157,0.001971145909208715,-0.0053258296944044565,0.0024034666158048255,0.45856783414990965,0.48307692307692307,-0.004562337615207301,0.0008284304173972838,0.004318413372674772,-0.0041431999076551596,0.004971630325052444,0.0035806660405348157,-0.004114234583774724,0.00769490062430954,0.002347902871585933,-0.0018879919493766466,0.00423589482096258,0.020346792724681872,0.00103926816241531,0.1816237943308805,0.0002068839027689282,0.9297434750641339,0.11455164758427613,1.3500244560181084e-13
-2.5,60,10,5,0.6,26019,3670,-0.0021718094729984484,0.0006561617699662026,-0.003458287303347112,-0.0008853316426497844,0.0009424135118029026,0.47657481071524654,-0.0017081505778100414,-0.003653521485497632,-0.0017682821037218353,-0.0013030062395979671,-0.002350515245899665,-0.002820052210706018,-0.0023379396949853655,-0.00048211251572065263,-0.0024917337946250505,-0.0019579658610307847,-0.0005337679335942658,0.01053066539288472,0.00012142903132226255,0.7684801414640139,-0.0027298606364372056,0.0025798069139852005,0.028482720662858355,2.772995658008347e-06
-2.5,60,10,5,0.75,26019,3670,-0.0021718094729984484,0.0006561617699662026,-0.003458287303347112,-0.0008853316426497844,0.0009424135118029026,0.47657481071524654,-0.0017081505778100414,-0.003653521485497632,-0.0017682821037218353,-0.0013030062395979671,-0.002350515245899665,-0.002820052210706018,-0.0023379396949853655,-0.00048211251572065263,-0.003496186731561625,-0.0017301467617709676,-0.0017660399697906576,0.01053066539288472,0.00012142903132226255,0.7684801414640139,-0.0027298606364372056,0.0025798069139852005,0.028482720662858355,2.772995658008347e-06
-2.5,60,10,5,0.9,26019,3670,-0.0021718094729984484,0.0006561617699662026,-0.003458287303347112,-0.0008853316426497844,0.0009424135118029026,0.47657481071524654,-0.0017081505778100414,-0.003653521485497632,-0.0017682821037218353,-0.0013030062395979671,-0.002350515245899665,-0.002820052210706018,-0.0023379396949853655,-0.00048211251572065263,-0.009051705384100616,-0.001404078105467416,-0.0076476272786332004,0.01053066539288472,0.00012142903132226255,0.7684801414640139,-0.0027298606364372056,0.0025798069139852005,0.028482720662858355,2.772995658008347e-06
-2.5,60,10,10,0.6,25996,3665,-0.001552029176957308,0.000934068026670213,-0.0033833738307943026,0.0002793154768796866,0.09668247325979633,0.4836897984305278,-0.001686960338478094,-0.0023600269586042414,-0.00017406907686353355,-0.00128299961471423,-0.0010770273438900115,-0.0018865253344939963,-0.0030576597905374,0.0011711344560434039,-0.0010251116210458584,-0.0019035102861397438,0.0008783986650938854,0.006987171555348448,0.00011567954007126504,0.842795729104785,-0.001978616345013799,0.10598982977074103,0.033100740413909216,1.6486220475260964e-07
-2.5,60,10,10,0.75,25996,3665,-0.001552029176957308,0.000934068026670213,-0.0033833738307943026,0.0002793154768796866,0.09668247325979633,0.4836897984305278,-0.001686960338478094,-0.0023600269586042414,-0.00017406907686353355,-0.00128299961471423,-0.0010770273438900115,-0.0018865253344939963,-0.0030576597905374,0.0011711344560434039,-0.000606217135994953,-0.0018678175165612926,0.0012616003805663396,0.006987171555348448,0.00011567954007126504,0.842795729104785,-0.001978616345013799,0.10598982977074103,0.033100740413909216,1.6486220475260964e-07
-2.5,60,10,10,0.9,25996,3665,-0.001552029176957308,0.000934068026670213,-0.0033833738307943026,0.0002793154768796866,0.09668247325979633,0.4836897984305278,-0.001686960338478094,-0.0023600269586042414,-0.00017406907686353355,-0.00128299961471423,-0.0010770273438900115,-0.0018865253344939963,-0.0030576597905374,0.0011711344560434039,-0.0071073274544987165,-0.0009315006488638192,-0.006175826805634897,0.006987171555348448,0.00011567954007126504,0.842795729104785,-0.001978616345013799,0.10598982977074103,0.033100740413909216,1.6486220475260964e-07
-2.5,60,10,20,0.6,25968,3657,-0.0023143594965745226,0.0012135947309949077,-0.004693749183530378,6.503019038133287e-05,0.05659522370500392,0.4790126309303758,-0.003059624155204943,-0.0035411048882166684,0.000467704779093145,-0.0021076959958583013,-0.001433408892358367,-0.0021086050361349786,-0.003235222565631424,0.0011266175294964453,-0.0010787833830990712,-0.003138182645918744,0.002059399262819673,0.004668869783781449,7.604263487403457e-05,0.9209519093910669,-0.0028740599747205083,0.08226188961824941,0.033675051966496936,0.0011852783026699385
-2.5,60,10,20,0.75,25968,3657,-0.0023143594965745226,0.0012135947309949077,-0.004693749183530378,6.503019038133287e-05,0.05659522370500392,0.4790126309303758,-0.003059624155204943,-0.0035411048882166684,0.000467704779093145,-0.0021076959958583013,-0.001433408892358367,-0.0021086050361349786,-0.003235222565631424,0.0011266175294964453,-0.00014761872144029048,-0.0030367547650185047,0.0028891360435782144,0.004668869783781449,7.604263487403457e-05,0.9209519093910669,-0.0028740599747205083,0.08226188961824941,0.033675051966496936,0.0011852783026699385
-2.5,60,10,20,0.9,25968,3657,-0.0023143594965745226,0.0012135947309949077,-0.004693749183530378,6.503019038133287e-05,0.05659522370500392,0.4790126309303758,-0.003059624155204943,-0.0035411048882166684,0.000467704779093145,-0.0021076959958583013,-0.001433408892358367,-0.0021086050361349786,-0.003235222565631424,0.0011266175294964453,-0.007305911958385722,-0.0017561331294632498,-0.005549778828922472,0.004668869783781449,7.604263487403457e-05,0.9209519093910669,-0.0028740599747205083,0.08226188961824941,0.033675051966496936,0.0011852783026699385
-2.5,60,10,60,0.6,25720,3618,-0.0022205295599606674,0.0019826167348586,-0.006107687716322427,0.001666628596401092,0.2627883797297736,0.48188180404354586,-0.004782439061255084,-0.0010566224995942851,0.005662491063670641,-0.0044513045661878515,0.003394682066593566,0.0008895991751323194,-0.00430553506058246,0.00519513423571478,0.0038450741163534373,-0.0062701645891382815,0.01011523870549172,0.012518354648875074,0.0011071280260928288,0.17795340688453976,-0.001395652087413145,0.5503379227579036,0.09919295011107046,3.5046483987667435e-10
-2.5,60,10,60,0.75,25720,3618,-0.0022205295599606674,0.0019826167348586,-0.006107687716322427,0.001666628596401092,0.2627883797297736,0.48188180404354586,-0.004782439061255084,-0.0010566224995942851,0.005662491063670641,-0.0044513045661878515,0.003394682066593566,0.0008895991751323194,-0.00430553506058246,0.00519513423571478,0.00822171350050542,-0.0057142812854632285,0.013935994785968648,0.012518354648875074,0.0011071280260928288,0.17795340688453976,-0.001395652087413145,0.5503379227579036,0.09919295011107046,3.5046483987667435e-10
-2.5,60,10,60,0.9,25720,3618,-0.0022205295599606674,0.0019826167348586,-0.006107687716322427,0.001666628596401092,0.2627883797297736,0.48188180404354586,-0.004782439061255084,-0.0010566224995942851,0.005662491063670641,-0.0044513045661878515,0.003394682066593566,0.0008895991751323194,-0.00430553506058246,0.00519513423571478,-0.004762980503633505,-0.0019332674796486776,-0.0028297130239848273,0.012518354648875074,0.0011071280260928288,0.17795340688453976,-0.001395652087413145,0.5503379227579036,0.09919295011107046,3.5046483987667435e-10
-2.5,60,20,5,0.6,22593,3554,-0.0018658127435688542,0.000554124459796019,-0.002952246830120285,-0.0007793786570174234,0.0007676076513551546,0.4751471694772717,-0.0018009225191006895,-0.0024949412016712054,-0.0025161481937496493,-0.001374195355645095,-0.0011207458460261105,-0.0019891394638992567,-0.002306653856278728,0.00031751439237947144,-0.0014663110566456431,-0.0021326781007693866,0.0006663670441237435,0.007772982303068665,-0.00022166798909869687,0.6112644779889141,-0.002351939920050006,0.012109121769298134,0.03126178405260398,7.4827029043142525e-06
-2.5,60,20,5,0.75,22593,3554,-0.0018658127435688542,0.000554124459796019,-0.002952246830120285,-0.0007793786570174234,0.0007676076513551546,0.4751471694772717,-0.0018009225191006895,-0.0024949412016712054,-0.0025161481937496493,-0.001374195355645095,-0.0011207458460261105,-0.0019891394638992567,-0.002306653856278728,0.00031751439237947144,-0.0017050133066255392,-0.0019204647168295664,0.00021545141020402718,0.007772982303068665,-0.00022166798909869687,0.6112644779889141,-0.002351939920050006,0.012109121769298134,0.03126178405260398,7.4827029043142525e-06
-2.5,60,20,5,0.9,22593,3554,-0.0018658127435688542,0.000554124459796019,-0.002952246830120285,-0.0007793786570174234,0.0007676076513551546,0.4751471694772717,-0.0018009225191006895,-0.0024949412016712054,-0.0025161481937496493,-0.001374195355645095,-0.0011207458460261105,-0.0019891394638992567,-0.002306653856278728,0.00031751439237947144,-0.003923928837785443,-0.001635929186324763,-0.0022879996514606794,0.007772982303068665,-0.00022166798909869687,0.6112644779889141,-0.002351939920050006,0.012109121769298134,0.03126178405260398,7.4827029043142525e-06
-2.5,60,20,10,0.6,22571,3549,-0.0014062164071536926,0.0007962400646489157,-0.0029673508191972167,0.0001549180048898318,0.07746993912917037,0.48221168756368793,-0.0018139571805066979,-0.001709407547800801,-0.0005036225476069947,-0.0013876241032080888,-0.0003217834445927122,-0.0015204873012117834,-0.002848544167038136,0.0013280568658263527,-0.00035361024335185144,-0.002110496564668967,0.0017568863213171153,0.00543632306543651,-0.0002863181644044653,0.6480749339969564,-0.0017631814549413792,0.17871000428597072,0.03447545913438369,1.500504067735138e-06
-2.5,60,20,10,0.75,22571,3549,-0.0014062164071536926,0.0007962400646489157,-0.0029673508191972167,0.0001549180048898318,0.07746993912917037,0.48221168756368793,-0.0018139571805066979,-0.001709407547800801,-0.0005036225476069947,-0.0013876241032080888,-0.0003217834445927122,-0.0015204873012117834,-0.002848544167038136,0.0013280568658263527,-2.018358826549748e-05,-0.0018779120179047762,0.0018577284296392787,0.00543632306543651,-0.0002863181644044653,0.6480749339969564,-0.0017631814549413792,0.17871000428597072,0.03447545913438369,1.500504067735138e-06
-2.5,60,20,10,0.9,22571,3549,-0.0014062164071536926,0.0007962400646489157,-0.0029673508191972167,0.0001549180048898318,0.07746993912917037,0.48221168756368793,-0.0018139571805066979,-0.001709407547800801,-0.0005036225476069947,-0.0013876241032080888,-0.0003217834445927122,-0.0015204873012117834,-0.002848544167038136,0.0013280568658263527,-0.0017382240134618985,-0.0013693103285319268,-0.0003689136849299717,0.00543632306543651,-0.0002863181644044653,0.6480749339969564,-0.0017631814549413792,0.17871000428597072,0.03447545913438369,1.500504067735138e-06
-2.5,60,20,20,0.6,22544,3541,-0.0018805963545616084,0.001103576549720577,-0.004044306438011515,0.00028311372888829844,0.08845159398396336,0.4781760113555713,-0.003204749684381225,-0.0020457803655494875,0.0003291881493939565,-0.0022346235439852295,0.00018884317843574205,-0.0015466268969705566,-0.002604195033110035,0.0010575681361394782,4.8091188273636174e-05,-0.00317362872619567,0.0032217199144693063,0.006352258356642881,-0.00040545854479735505,0.6239308034980677,-0.0032859652041095345,0.06484344738526496,0.04841607053192955,0.0001541885757297832
-2.5,60,20,20,0.75,22544,3541,-0.0018805963545616084,0.001103576549720577,-0.004044306438011515,0.00028311372888829844,0.08845159398396336,0.4781760113555713,-0.003204749684381225,-0.0020457803655494875,0.0003291881493939565,-0.0022346235439852295,0.00018884317843574205,-0.0015466268969705566,-0.002604195033110035,0.0010575681361394782,0.00015990436350458588,-0.0025761360925760832,0.0027360404560806692,0.006352258356642881,-0.00040545854479735505,0.6239308034980677,-0.0032859652041095345,0.06484344738526496,0.04841607053192955,0.0001541885757297832
-2.5,60,20,20,0.9,22544,3541,-0.0018805963545616084,0.001103576549720577,-0.004044306438011515,0.00028311372888829844,0.08845159398396336,0.4781760113555713,-0.003204749684381225,-0.0020457803655494875,0.0003291881493939565,-0.0022346235439852295,0.00018884317843574205,-0.0015466268969705566,-0.002604195033110035,0.0010575681361394782,1.2135311359520558e-05,-0.002091273082435507,0.0021034083937950276,0.006352258356642881,-0.00040545854479735505,0.6239308034980677,-0.0032859652041095345,0.06484344738526496,0.04841607053192955,0.0001541885757297832
-2.5,60,20,60,0.6,22326,3504,-0.002407918422992327,0.00199847101426682,-0.006326203482076886,0.0015103666360922318,0.22833089397491682,0.4790378930395055,-0.0055756624847992375,-0.0012599568866201727,0.005713594400102994,-0.004571584294618979,0.003311627407998806,0.0010511450279548698,-0.004448557253112701,0.005499702281067571,0.003194054359171655,-0.006195558578860857,0.009389612938032511,0.01355308537033939,0.0012271498559532576,0.1645282796684554,-0.00023380298735489345,0.9254159420873114,0.11270545067228914,6.087207713585195e-10
-2.5,60,20,60,0.75,22326,3504,-0.002407918422992327,0.00199847101426682,-0.006326203482076886,0.0015103666360922318,0.22833089397491682,0.4790378930395055,-0.0055756624847992375,-0.0012599568866201727,0.005713594400102994,-0.004571584294618979,0.003311627407998806,0.0010511450279548698,-0.004448557253112701,0.005499702281067571,0.009260346775795332,-0.006308032404754078,0.015568379180549409,0.01355308537033939,0.0012271498559532576,0.1645282796684554,-0.00023380298735489345,0.9254159420873114,0.11270545067228914,6.087207713585195e-10
-2.5,60,20,60,0.9,22326,3504,-0.002407918422992327,0.00199847101426682,-0.006326203482076886,0.0015103666360922318,0.22833089397491682,0.4790378930395055,-0.0055756624847992375,-0.0012599568866201727,0.005713594400102994,-0.004571584294618979,0.003311627407998806,0.0010511450279548698,-0.004448557253112701,0.005499702281067571,-0.00029459160386444437,-0.002642896131231015,0.0023483045273665704,0.01355308537033939,0.0012271498559532576,0.1645282796684554,-0.00023380298735489345,0.9254159420873114,0.11270545067228914,6.087207713585195e-10
-2.5,60,40,5,0.6,18737,3334,-0.0014634179458510631,0.000627993486583511,-0.0026947096976436243,-0.00023212619405850194,0.019849293729492134,0.47665047766451407,-0.0015735505222114199,-0.0011670195250075167,-0.0024512960007213626,-0.0014261320051274944,0.0002591124801199778,-0.000754183578269406,-0.0021776606521908036,0.0014234770739213977,-0.0007901171380426378,-0.0019131042517961064,0.0011229871137534687,0.016734600803856803,-0.00043015627955703595,0.36986621329257563,-0.0023781803964942404,0.023523487815341516,0.050088172935831884,1.0339594437328812e-06
-2.5,60,40,5,0.75,18737,3334,-0.0014634179458510631,0.000627993486583511,-0.0026947096976436243,-0.00023212619405850194,0.019849293729492134,0.47665047766451407,-0.0015735505222114199,-0.0011670195250075167,-0.0024512960007213626,-0.0014261320051274944,0.0002591124801199778,-0.000754183578269406,-0.0021776606521908036,0.0014234770739213977,-0.0008225209623127808,-0.0016772783671499076,0.0008547574048371269,0.016734600803856803,-0.00043015627955703595,0.36986621329257563,-0.0023781803964942404,0.023523487815341516,0.050088172935831884,1.0339594437328812e-06
-2.5,60,40,5,0.9,18737,3334,-0.0014634179458510631,0.000627993486583511,-0.0026947096976436243,-0.00023212619405850194,0.019849293729492134,0.47665047766451407,-0.0015735505222114199,-0.0011670195250075167,-0.0024512960007213626,-0.0014261320051274944,0.0002591124801199778,-0.000754183578269406,-0.0021776606521908036,0.0014234770739213977,-0.002372225709617697,-0.0013605615538610776,-0.0010116641557566194,0.016734600803856803,-0.00043015627955703595,0.36986621329257563,-0.0023781803964942404,0.023523487815341516,0.050088172935831884,1.0339594437328812e-06
-2.5,60,40,10,0.6,18721,3329,-0.0010469200284896538,0.0007975001748499841,-0.0026105603277272508,0.0005167202707479432,0.18935701273267816,0.4827733561241387,-0.0018085370421744296,-0.0006767402146072115,-0.00035425361153733034,-0.0013507415588840958,0.0006740013442768844,-0.00035495580117256444,-0.0026624046071582344,0.00230744880598567,0.0001491615696362165,-0.0018469022205683133,0.0019960637902045296,0.008719318173763035,-0.0006052151751129696,0.3871798045788658,-0.001694848701061071,0.24567860933027963,0.04656764776814062,6.699964670448856e-08
-2.5,60,40,10,0.75,18721,3329,-0.0010469200284896538,0.0007975001748499841,-0.0026105603277272508,0.0005167202707479432,0.18935701273267816,0.4827733561241387,-0.0018085370421744296,-0.0006767402146072115,-0.00035425361153733034,-0.0013507415588840958,0.0006740013442768844,-0.00035495580117256444,-0.0026624046071582344,0.00230744880598567,0.00046982333011000223,-0.0015527532363366222,0.0020225765664466243,0.008719318173763035,-0.0006052151751129696,0.3871798045788658,-0.001694848701061071,0.24567860933027963,0.04656764776814062,6.699964670448856e-08
-2.5,60,40,10,0.9,18721,3329,-0.0010469200284896538,0.0007975001748499841,-0.0026105603277272508,0.0005167202707479432,0.18935701273267816,0.4827733561241387,-0.0018085370421744296,-0.0006767402146072115,-0.00035425361153733034,-0.0013507415588840958,0.0006740013442768844,-0.00035495580117256444,-0.0026624046071582344,0.00230744880598567,-0.0020870527077260694,-0.0009290886325604571,-0.0011579640751656123,0.008719318173763035,-0.0006052151751129696,0.3871798045788658,-0.001694848701061071,0.24567860933027963,0.04656764776814062,6.699964670448856e-08
-2.5,60,40,20,0.6,18696,3321,-0.0014894456388321444,0.0010819731871849789,-0.0036108475076980636,0.0006319562300337752,0.16872839124637273,0.4763050919982884,-0.003425834175983633,-0.001253376833539719,-5.6685813702616385e-06,-0.0019405815477754455,0.0006872047142357264,5.025958055761489e-05,-0.002729390432393121,0.002779650012950736,0.0010738281532627761,-0.003198904266227829,0.004272732419490605,0.01255784222343792,-0.0009838009374111382,0.28516659858197446,-0.004141533329862518,0.041049060982316754,0.07060807141234697,5.086277418944019e-06
-2.5,60,40,20,0.75,18696,3321,-0.0014894456388321444,0.0010819731871849789,-0.0036108475076980636,0.0006319562300337752,0.16872839124637273,0.4763050919982884,-0.003425834175983633,-0.001253376833539719,-5.6685813702616385e-06,-0.0019405815477754455,0.0006872047142357264,5.025958055761489e-05,-0.002729390432393121,0.002779650012950736,0.0016591728947063606,-0.0025392845693144573,0.0041984574640208175,0.01255784222343792,-0.0009838009374111382,0.28516659858197446,-0.004141533329862518,0.041049060982316754,0.07060807141234697,5.086277418944019e-06
-2.5,60,40,20,0.9,18696,3321,-0.0014894456388321444,0.0010819731871849789,-0.0036108475076980636,0.0006319562300337752,0.16872839124637273,0.4763050919982884,-0.003425834175983633,-0.001253376833539719,-5.6685813702616385e-06,-0.0019405815477754455,0.0006872047142357264,5.025958055761489e-05,-0.002729390432393121,0.002779650012950736,-8.074772217062697e-05,-0.0016492675393288507,0.0015685198171582237,0.01255784222343792,-0.0009838009374111382,0.28516659858197446,-0.004141533329862518,0.041049060982316754,0.07060807141234697,5.086277418944019e-06
-2.5,60,40,60,0.6,18507,3285,-0.0022033139871408475,0.0020580613334056893,-0.006238527304236243,0.0018318993299545477,0.28443815710295045,0.4784676068514616,-0.005690437431239759,-0.0007041434638713518,0.006760782931095318,-0.004642375172879768,0.003938231709008416,0.00244029200278367,-0.005158518283030035,0.007598810285813705,0.004081426082637676,-0.006430248971261206,0.010511675053898883,0.02277487611439466,0.001218248411091227,0.21201128640157707,-0.0006182349928593102,0.8255970218694985,0.15034909187241624,1.433186571413208e-11
-2.5,60,40,60,0.75,18507,3285,-0.0022033139871408475,0.0020580613334056893,-0.006238527304236243,0.0018318993299545477,0.28443815710295045,0.4784676068514616,-0.005690437431239759,-0.0007041434638713518,0.006760782931095318,-0.004642375172879768,0.003938231709008416,0.00244029200278367,-0.005158518283030035,0.007598810285813705,0.0062170760582396685,-0.005011121835690529,0.011228197893930198,0.02277487611439466,0.001218248411091227,0.21201128640157707,-0.0006182349928593102,0.8255970218694985,0.15034909187241624,1.433186571413208e-11
-2.5,60,40,60,0.9,18507,3285,-0.0022033139871408475,0.0020580613334056893,-0.006238527304236243,0.0018318993299545477,0.28443815710295045,0.4784676068514616,-0.005690437431239759,-0.0007041434638713518,0.006760782931095318,-0.004642375172879768,0.003938231709008416,0.00244029200278367,-0.005158518283030035,0.007598810285813705,-0.003623256335473845,-0.002040382402176725,-0.00158287393329712,0.02277487611439466,0.001218248411091227,0.21201128640157707,-0.0006182349928593102,0.8255970218694985,0.15034909187241624,1.433186571413208e-11
-2.5,120,5,5,0.6,26967,3576,-0.0012813755330429364,0.0008607034635602797,-0.0029688946521565836,0.00040614358607071093,0.1366404219140515,0.4812919494196611,-0.0013777356618780434,-0.0010831048501184972,-0.0025297491519306473,-0.001138595221451025,5.5490371332527714e-05,-0.0010081100174156531,-0.0020311073604506054,0.0010229973430349523,-0.0005391984349844969,-0.0017762520108137775,0.0012370535758292806,0.024088196930871386,0.00029599655422881196,0.5459905227139761,-0.0028357970411175526,0.004174787222608812,0.045283000462533377,1.4412047135379931e-13
-2.5,120,5,5,0.75,26967,3576,-0.0012813755330429364,0.0008607034635602797,-0.0029688946521565836,0.00040614358607071093,0.1366404219140515,0.4812919494196611,-0.0013777356618780434,-0.0010831048501184972,-0.0025297491519306473,-0.001138595221451025,5.5490371332527714e-05,-0.0010081100174156531,-0.0020311073604506054,0.0010229973430349523,-0.0015933656839670998,-0.001176342714947426,-0.0004170229690196737,0.024088196930871386,0.00029599655422881196,0.5459905227139761,-0.0028357970411175526,0.004174787222608812,0.045283000462533377,1.4412047135379931e-13
-2.5,120,5,5,0.9,26967,3576,-0.0012813755330429364,0.0008607034635602797,-0.0029688946521565836,0.00040614358607071093,0.1366404219140515,0.4812919494196611,-0.0013777356618780434,-0.0010831048501184972,-0.0025297491519306473,-0.001138595221451025,5.5490371332527714e-05,-0.0010081100174156531,-0.0020311073604506054,0.0010229973430349523,-0.0007278615941031448,-0.001345633731814814,0.0006177721377116692,0.024088196930871386,0.00029599655422881196,0.5459905227139761,-0.0028357970411175526,0.004174787222608812,0.045283000462533377,1.4412047135379931e-13
-2.5,120,5,10,0.6,26950,3571,-0.0014314874533786438,0.0010350893935161208,-0.003460913433448171,0.0005979385266908835,0.1667635527360096,0.4880890538033395,-0.0012217579015444402,-0.0018592906927615432,-0.00105549964370927,-0.0011472703231036317,-0.0007120203696579115,-7.606469822249245e-05,-0.003923331589761757,0.0038472668915392645,-0.0014350988698243964,-0.0014290794701575641,-6.019399666832301e-06,0.0073663964007376626,-0.0002362346674584789,0.7216129483092861,-0.00037745876658528495,0.764603005973159,0.03016565295315267,1.5943094397384765e-06
-2.5,120,5,10,0.75,26950,3571,-0.0014314874533786438,0.0010350893935161208,-0.003460913433448171,0.0005979385266908835,0.1667635527360096,0.4880890538033395,-0.0012217579015444402,-0.0018592906927615432,-0.00105549964370927,-0.0011472703231036317,-0.0007120203696579115,-7.606469822249245e-05,-0.003923331589761757,0.0038472668915392645,-0.002655544994200633,-0.0010190557231840333,-0.0016364892710165997,0.0073663964007376626,-0.0002362346674584789,0.7216129483092861,-0.00037745876658528495,0.764603005973159,0.03016565295315267,1.5943094397384765e-06
-2.5,120,5,10,0.9,26950,3571,-0.0014314874533786438,0.0010350893935161208,-0.003460913433448171,0.0005979385266908835,0.1667635527360096,0.4880890538033395,-0.0012217579015444402,-0.0018592906927615432,-0.00105549964370927,-0.0011472703231036317,-0.0007120203696579115,-7.606469822249245e-05,-0.003923331589761757,0.0038472668915392645,-0.0017499625661047903,-0.0013944892056587496,-0.00035547336044604067,0.0073663964007376626,-0.0002362346674584789,0.7216129483092861,-0.00037745876658528495,0.764603005973159,0.03016565295315267,1.5943094397384765e-06
-2.5,120,5,20,0.6,26915,3562,-0.0019292344840265024,0.001343679139790321,-0.004563692637721095,0.0007052236696680903,0.15115133453657398,0.4821475013932751,-0.0026536797862533046,-0.0026429019093230353,-5.516329083265838e-06,-0.0017287990128802718,-0.0009141028964427635,-0.00046726269551752094,-0.004420449784582721,0.0039531870890652,-0.001685784446630779,-0.0020915596359115515,0.0004057751892807724,0.006906060280900239,-2.53033661696726e-05,0.9771792555759535,-0.0006995106349707333,0.6718315753487019,0.03949999078657215,3.250300614696894e-07
-2.5,120,5,20,0.75,26915,3562,-0.0019292344840265024,0.001343679139790321,-0.004563692637721095,0.0007052236696680903,0.15115133453657398,0.4821475013932751,-0.0026536797862533046,-0.0026429019093230353,-5.516329083265838e-06,-0.0017287990128802718,-0.0009141028964427635,-0.00046726269551752094,-0.004420449784582721,0.0039531870890652,-0.003028019452175358,-0.0015583679381005956,-0.0014696515140747626,0.006906060280900239,-2.53033661696726e-05,0.9771792555759535,-0.0006995106349707333,0.6718315753487019,0.03949999078657215,3.250300614696894e-07
-2.5,120,5,20,0.9,26915,3562,-0.0019292344840265024,0.001343679139790321,-0.004563692637721095,0.0007052236696680903,0.15115133453657398,0.4821475013932751,-0.0026536797862533046,-0.0026429019093230353,-5.516329083265838e-06,-0.0017287990128802718,-0.0009141028964427635,-0.00046726269551752094,-0.004420449784582721,0.0039531870890652,-0.0019489142729383299,-0.0019269449026122483,-2.1969370326081587e-05,0.006906060280900239,-2.53033661696726e-05,0.9771792555759535,-0.0006995106349707333,0.6718315753487019,0.03949999078657215,3.250300614696894e-07
-2.5,120,5,60,0.6,26676,3523,-0.0004577926678397172,0.002092090906147544,-0.004559625116965882,0.0036440397812864474,0.8268024480730105,0.4857924726345779,-0.0039958368053337745,0.002536447356882602,0.005907839797963226,-0.004084515156450562,0.0066209625133331635,0.004250544647844518,-0.0025928245365401978,0.006843369184384716,0.005918390949097732,-0.004722942519710037,0.01064133346880777,0.01809233252790854,0.0008371335896937802,0.3662671756952618,0.00044391288122093225,0.849789238379684,0.08725776101073637,2.7096637326237878e-12
-2.5,120,5,60,0.75,26676,3523,-0.0004577926678397172,0.002092090906147544,-0.004559625116965882,0.0036440397812864474,0.8268024480730105,0.4857924726345779,-0.0039958368053337745,0.002536447356882602,0.005907839797963226,-0.004084515156450562,0.0066209625133331635,0.004250544647844518,-0.0025928245365401978,0.006843369184384716,0.007627866722551793,-0.0031638003559534326,0.010791667078505226,0.01809233252790854,0.0008371335896937802,0.3662671756952618,0.00044391288122093225,0.849789238379684,0.08725776101073637,2.7096637326237878e-12
-2.5,120,5,60,0.9,26676,3523,-0.0004577926678397172,0.002092090906147544,-0.004559625116965882,0.0036440397812864474,0.8268024480730105,0.4857924726345779,-0.0039958368053337745,0.002536447356882602,0.005907839797963226,-0.004084515156450562,0.0066209625133331635,0.004250544647844518,-0.0025928245365401978,0.006843369184384716,0.012932703689544108,-0.0020306374980216977,0.014963341187565805,0.01809233252790854,0.0008371335896937802,0.3662671756952618,0.00044391288122093225,0.849789238379684,0.08725776101073637,2.7096637326237878e-12
-2.5,120,10,5,0.6,24142,3534,-0.001564593962521976,0.0007768831077107568,-0.003087778696151724,-4.14092288922275e-05,0.044091771679668525,0.4791235191781957,-0.001542807684260461,-0.001868652034931604,-0.0012164745281220534,-0.0013644661732216698,-0.0005041858617099342,-0.0022474125924736676,-0.00188747821876507,-0.0003599343737085976,-0.0009505090774311531,-0.001974210036957644,0.001023700959526491,0.012947493734261295,0.00033728574496082875,0.5166757616697497,-0.0027953094937754087,0.0056288109225671465,0.03162390810634133,5.268875565819898e-07
-2.5,120,10,5,0.75,24142,3534,-0.001564593962521976,0.0007768831077107568,-0.003087778696151724,-4.14092288922275e-05,0.044091771679668525,0.4791235191781957,-0.001542807684260461,-0.001868652034931604,-0.0012164745281220534,-0.0013644661732216698,-0.0005041858617099342,-0.0022474125924736676,-0.00188747821876507,-0.0003599343737085976,-0.0019168000282151442,-0.0014471789723240324,-0.00046962105589111176,0.012947493734261295,0.00033728574496082875,0.5166757616697497,-0.0027953094937754087,0.0056288109225671465,0.03162390810634133,5.268875565819898e-07
-2.5,120,10,5,0.9,24142,3534,-0.001564593962521976,0.0007768831077107568,-0.003087778696151724,-4.14092288922275e-05,0.044091771679668525,0.4791235191781957,-0.001542807684260461,-0.001868652034931604,-0.0012164745281220534,-0.0013644661732216698,-0.0005041858617099342,-0.0022474125924736676,-0.00188747821876507,-0.0003599343737085976,-0.004671055226095788,-0.001201739973044996,-0.0034693152530507923,0.012947493734261295,0.00033728574496082875,0.5166757616697497,-0.0027953094937754087,0.0056288109225671465,0.03162390810634133,5.268875565819898e-07
-2.5,120,10,10,0.6,24125,3529,-0.0014841810621880542,0.00100115221806894,-0.0034470767669764766,0.000478714642600368,0.13830381607284237,0.4863834196891192,-0.0013132397487778391,-0.0020171067295202535,-0.00016106355458419896,-0.0013368925960266166,-0.0006802141334936369,-0.001614970415618769,-0.0033879492408958965,0.0017729788252771274,-0.0012555731816195903,-0.0016366126398698457,0.00038103945825025535,0.005880463141629488,0.00039840657171511944,0.5894724908615783,-0.0011622935238392272,0.3874526247602863,0.02407528867010928,0.00023038093749953303
-2.5,120,10,10,0.75,24125,3529,-0.0014841810621880542,0.00100115221806894,-0.0034470767669764766,0.000478714642600368,0.13830381607284237,0.4863834196891192,-0.0013132397487778391,-0.0020171067295202535,-0.00016106355458419896,-0.0013368925960266166,-0.0006802141334936369,-0.001614970415618769,-0.0033879492408958965,0.0017729788252771274,-0.001614872918977722,-0.0014405713520005132,-0.00017430156697720886,0.005880463141629488,0.00039840657171511944,0.5894724908615783,-0.0011622935238392272,0.3874526247602863,0.02407528867010928,0.00023038093749953303
-2.5,120,10,10,0.9,24125,3529,-0.0014841810621880542,0.00100115221806894,-0.0034470767669764766,0.000478714642600368,0.13830381607284237,0.4863834196891192,-0.0013132397487778391,-0.0020171067295202535,-0.00016106355458419896,-0.0013368925960266166,-0.0006802141334936369,-0.001614970415618769,-0.0033879492408958965,0.0017729788252771274,-0.006498386039076829,-0.0008980297859545286,-0.0056003562531223,0.005880463141629488,0.00039840657171511944,0.5894724908615783,-0.0011622935238392272,0.3874526247602863,0.02407528867010928,0.00023038093749953303
-2.5,120,10,20,0.6,24092,3520,-0.0018946408010938737,0.0013109852097901774,-0.004465008672783282,0.0006757270705955341,0.14848969140313517,0.48157064585754605,-0.002678087381906613,-0.0027309029301048,0.0007624277053894657,-0.0017974924474880695,-0.0009334104826167304,-0.0017320450699006792,-0.0037759539675156916,0.0020439088976150124,-0.0011819588680212969,-0.0023704362772816643,0.0011884774092603674,0.005405444091748368,0.00028113834999019395,0.7728354806552207,-0.001678485055737504,0.34875703210349895,0.0321563517384498,8.91258283061654e-05
-2.5,120,10,20,0.75,24092,3520,-0.0018946408010938737,0.0013109852097901774,-0.004465008672783282,0.0006757270705955341,0.14848969140313517,0.48157064585754605,-0.002678087381906613,-0.0027309029301048,0.0007624277053894657,-0.0017974924474880695,-0.0009334104826167304,-0.0017320450699006792,-0.0037759539675156916,0.0020439088976150124,-0.0014019730619419207,-0.0020588997373707915,0.0006569266754288708,0.005405444091748368,0.00028113834999019395,0.7728354806552207,-0.001678485055737504,0.34875703210349895,0.0321563517384498,8.91258283061654e-05
-2.5,120,10,20,0.9,24092,3520,-0.0018946408010938737,0.0013109852097901774,-0.004465008672783282,0.0006757270705955341,0.14848969140313517,0.48157064585754605,-0.002678087381906613,-0.0027309029301048,0.0007624277053894657,-0.0017974924474880695,-0.0009334104826167304,-0.0017320450699006792,-0.0037759539675156916,0.0020439088976150124,-0.007025642484912604,-0.00129391843583017,-0.005731724049082435,0.005405444091748368,0.00028113834999019395,0.7728354806552207,-0.001678485055737504,0.34875703210349895,0.0321563517384498,8.91258283061654e-05
-2.5,120,10,60,0.6,23865,3481,-0.0014167674010414292,0.002073400770514178,-0.005481972130758973,0.002648437328676114,0.49445892752333825,0.4843913681122983,-0.004271873134638393,0.0005060978671313693,0.006796557640372114,-0.004310461762800593,0.004816559629931962,0.0012908452520407267,-0.0025664629872308746,0.003857308239271601,0.0034026615134849195,-0.004639829993764315,0.008042491507249235,0.011634864779928589,0.0011213043020867125,0.2589610054723984,-0.0005581951152754833,0.8186876652138799,0.08242924807362378,1.4633567574508753e-09
-2.5,120,10,60,0.75,23865,3481,-0.0014167674010414292,0.002073400770514178,-0.005481972130758973,0.002648437328676114,0.49445892752333825,0.4843913681122983,-0.004271873134638393,0.0005060978671313693,0.006796557640372114,-0.004310461762800593,0.004816559629931962,0.0012908452520407267,-0.0025664629872308746,0.003857308239271601,0.00504401811083836,-0.0035876029069644264,0.008631621017802786,0.011634864779928589,0.0011213043020867125,0.2589610054723984,-0.0005581951152754833,0.8186876652138799,0.08242924807362378,1.4633567574508753e-09
-2.5,120,10,60,0.9,23865,3481,-0.0014167674010414292,0.002073400770514178,-0.005481972130758973,0.002648437328676114,0.49445892752333825,0.4843913681122983,-0.004271873134638393,0.0005060978671313693,0.006796557640372114,-0.004310461762800593,0.004816559629931962,0.0012908452520407267,-0.0025664629872308746,0.003857308239271601,-0.0015130634502699093,-0.0014053784676150345,-0.00010768498265487482,0.011634864779928589,0.0011213043020867125,0.2589610054723984,-0.0005581951152754833,0.8186876652138799,0.08242924807362378,1.4633567574508753e-09
-2.5,120,20,5,0.6,20642,3425,-0.0014216280563189242,0.0006966026727417723,-0.002787427005743839,-5.582910689400935e-05,0.04134706204852123,0.4759713206084682,-0.0017455286277954785,-0.0005989724008012314,-0.0026911680628412394,-0.0016867699607783242,0.0010877975599770926,-0.0015386209111808687,-0.0019061768971865179,0.0003675559860056492,4.849446078236575e-05,-0.0024017493016726065,0.0024502437624549724,0.015303757279122365,-0.00034533685375012595,0.5244430911674023,-0.0023380169000391305,0.025635986924760653,0.03357204741667785,5.864880912294734e-06
-2.5,120,20,5,0.75,20642,3425,-0.0014216280563189242,0.0006966026727417723,-0.002787427005743839,-5.582910689400935e-05,0.04134706204852123,0.4759713206084682,-0.0017455286277954785,-0.0005989724008012314,-0.0026911680628412394,-0.0016867699607783242,0.0010877975599770926,-0.0015386209111808687,-0.0019061768971865179,0.0003675559860056492,0.00017025950195845183,-0.0019535604940318276,0.0021238199959902793,0.015303757279122365,-0.00034533685375012595,0.5244430911674023,-0.0023380169000391305,0.025635986924760653,0.03357204741667785,5.864880912294734e-06
-2.5,120,20,5,0.9,20642,3425,-0.0014216280563189242,0.0006966026727417723,-0.002787427005743839,-5.582910689400935e-05,0.04134706204852123,0.4759713206084682,-0.0017455286277954785,-0.0005989724008012314,-0.0026911680628412394,-0.0016867699607783242,0.0010877975599770926,-0.0015386209111808687,-0.0019061768971865179,0.0003675559860056492,0.002867235217291238,-0.0019019678045188667,0.004769203021810105,0.015303757279122365,-0.00034533685375012595,0.5244430911674023,-0.0023380169000391305,0.025635986924760653,0.03357204741667785,5.864880912294734e-06
-2.5,120,20,10,0.6,20627,3420,-0.0012033678654331682,0.0008639427691223942,-0.0028972642324803727,0.0004905285016140362,0.16374690016393587,0.4844621127648228,-0.0015832948295528837,-0.000515183528224331,-0.0011104949736304524,-0.0016738235951016516,0.0011586400668773206,-0.0009254966740194937,-0.0033491260725553302,0.0024236293985358363,0.00029855407971655137,-0.0022046896147407263,0.0025032436944572778,0.0066386920987440146,-0.0003379250507139918,0.6701338146192535,-0.000780720020644733,0.5896609813187903,0.030071770105080067,0.0001626744085576869
-2.5,120,20,10,0.75,20627,3420,-0.0012033678654331682,0.0008639427691223942,-0.0028972642324803727,0.0004905285016140362,0.16374690016393587,0.4844621127648228,-0.0015832948295528837,-0.000515183528224331,-0.0011104949736304524,-0.0016738235951016516,0.0011586400668773206,-0.0009254966740194937,-0.0033491260725553302,0.0024236293985358363,0.0013024063949982287,-0.00204148994128426,0.0033438963362824887,0.0066386920987440146,-0.0003379250507139918,0.6701338146192535,-0.000780720020644733,0.5896609813187903,0.030071770105080067,0.0001626744085576869
-2.5,120,20,10,0.9,20627,3420,-0.0012033678654331682,0.0008639427691223942,-0.0028972642324803727,0.0004905285016140362,0.16374690016393587,0.4844621127648228,-0.0015832948295528837,-0.000515183528224331,-0.0011104949736304524,-0.0016738235951016516,0.0011586400668773206,-0.0009254966740194937,-0.0033491260725553302,0.0024236293985358363,0.002211475531738537,-0.0015861293180275166,0.0037976048497660535,0.0066386920987440146,-0.0003379250507139918,0.6701338146192535,-0.000780720020644733,0.5896609813187903,0.030071770105080067,0.0001626744085576869
-2.5,120,20,20,0.6,20594,3411,-0.0015831286422749585,0.0012156020639149713,-0.003966510873133533,0.0008002535885836158,0.19288772869332507,0.4797513838982228,-0.0028707063140444022,-0.0006635644921941096,-0.0001613095127565809,-0.002469247140197729,0.0018056826480036192,-0.0010291590022419896,-0.0037149893455423583,0.0026858303433003688,0.0009543676263513248,-0.003279384148427066,0.004233751774778391,0.008447189281496015,-0.0003120089821775427,0.7686449453212035,-0.0008765073392759383,0.6499621844000483,0.04473104338614991,7.670905675042021e-06
-2.5,120,20,20,0.75,20594,3411,-0.0015831286422749585,0.0012156020639149713,-0.003966510873133533,0.0008002535885836158,0.19288772869332507,0.4797513838982228,-0.0028707063140444022,-0.0006635644921941096,-0.0001613095127565809,-0.002469247140197729,0.0018056826480036192,-0.0010291590022419896,-0.0037149893455423583,0.0026858303433003688,0.0024464911324817516,-0.0029338245859661014,0.005380315718447853,0.008447189281496015,-0.0003120089821775427,0.7686449453212035,-0.0008765073392759383,0.6499621844000483,0.04473104338614991,7.670905675042021e-06
-2.5,120,20,20,0.9,20594,3411,-0.0015831286422749585,0.0012156020639149713,-0.003966510873133533,0.0008002535885836158,0.19288772869332507,0.4797513838982228,-0.0028707063140444022,-0.0006635644921941096,-0.0001613095127565809,-0.002469247140197729,0.0018056826480036192,-0.0010291590022419896,-0.0037149893455423583,0.0026858303433003688,0.005174696416832239,-0.0023419468058117586,0.007516643222643998,0.008447189281496015,-0.0003120089821775427,0.7686449453212035,-0.0008765073392759383,0.6499621844000483,0.04473104338614991,7.670905675042021e-06
-2.5,120,20,60,0.6,20397,3373,-0.0016849393470788003,0.002085778011765675,-0.005774457035436239,0.0024045783412786383,0.4192494933965615,0.4812962690591754,-0.005246620083947162,0.0008847348767034818,0.007027327003725084,-0.00492809095601008,0.005812825832713562,0.0014282763238709782,-0.002674062833723237,0.0041023391575942154,0.0037597334838819075,-0.005328236379711019,0.009087969863592926,0.014365283602013723,0.0011984451846309176,0.2706777908166095,0.00030759668221666894,0.9063163260370354,0.10124957052569167,3.390883652701101e-11
-2.5,120,20,60,0.75,20397,3373,-0.0016849393470788003,0.002085778011765675,-0.005774457035436239,0.0024045783412786383,0.4192494933965615,0.4812962690591754,-0.005246620083947162,0.0008847348767034818,0.007027327003725084,-0.00492809095601008,0.005812825832713562,0.0014282763238709782,-0.002674062833723237,0.0041023391575942154,0.00799593700174506,-0.004971872473986224,0.012967809475731285,0.014365283602013723,0.0011984451846309176,0.2706777908166095,0.00030759668221666894,0.9063163260370354,0.10124957052569167,3.390883652701101e-11
-2.5,120,20,60,0.9,20397,3373,-0.0016849393470788003,0.002085778011765675,-0.005774457035436239,0.0024045783412786383,0.4192494933965615,0.4812962690591754,-0.005246620083947162,0.0008847348767034818,0.007027327003725084,-0.00492809095601008,0.005812825832713562,0.0014282763238709782,-0.002674062833723237,0.0041023391575942154,0.003664501617396068,-0.0022803903599600333,0.005944891977356101,0.014365283602013723,0.0011984451846309176,0.2706777908166095,0.00030759668221666894,0.9063163260370354,0.10124957052569167,3.390883652701101e-11
-2.5,120,40,5,0.6,16951,3201,-0.00135435072304195,0.0007226671173066364,-0.002771288183276385,6.258673719248533e-05,0.06100763799619041,0.47489823609226595,-0.001712454168295352,-0.00017069067379779057,-0.003133515442538306,-0.0017005672093583625,0.001529876535560572,-0.0009631862404114425,-0.0015688165528985425,0.0006056303124871,0.0004447852275315721,-0.0025542464863214883,0.0029990317138530605,0.020130560927797747,-0.0007694064911470654,0.1972701122557493,-0.0025532644436983415,0.03473376179769204,0.042789326871909,1.3412674724947912e-05
-2.5,120,40,5,0.75,16951,3201,-0.00135435072304195,0.0007226671173066364,-0.002771288183276385,6.258673719248533e-05,0.06100763799619041,0.47489823609226595,-0.001712454168295352,-0.00017069067379779057,-0.003133515442538306,-0.0017005672093583625,0.001529876535560572,-0.0009631862404114425,-0.0015688165528985425,0.0006056303124871,0.001122353295818541,-0.0021917144199774946,0.0033140677157960357,0.020130560927797747,-0.0007694064911470654,0.1972701122557493,-0.0025532644436983415,0.03473376179769204,0.042789326871909,1.3412674724947912e-05
-2.5,120,40,5,0.9,16951,3201,-0.00135435072304195,0.0007226671173066364,-0.002771288183276385,6.258673719248533e-05,0.06100763799619041,0.47489823609226595,-0.001712454168295352,-0.00017069067379779057,-0.003133515442538306,-0.0017005672093583625,0.001529876535560572,-0.0009631862404114425,-0.0015688165528985425,0.0006056303124871,0.00108303478731264,-0.001628530598657082,0.0027115653859697223,0.020130560927797747,-0.0007694064911470654,0.1972701122557493,-0.0025532644436983415,0.03473376179769204,0.042789326871909,1.3412674724947912e-05
-2.5,120,40,10,0.6,16939,3197,-0.001298823647674119,0.000858156557196415,-0.002981416807580098,0.00038376951223185996,0.13025048545737414,0.4832044394592361,-0.0016643500654989207,-0.0005052367724801059,-0.0017941937158239888,-0.0016691307844284135,0.0011638940119483077,-0.00014853490178714772,-0.0030747344973209383,0.0029261995955337907,0.000529913389394523,-0.002519902173360791,0.003049815562755314,0.008283849058005166,-0.0007450964822627482,0.40824532812233205,-0.0008797492803585099,0.5911370112490946,0.0382693638477907,0.00018501099957685205
-2.5,120,40,10,0.75,16939,3197,-0.001298823647674119,0.000858156557196415,-0.002981416807580098,0.00038376951223185996,0.13025048545737414,0.4832044394592361,-0.0016643500654989207,-0.0005052367724801059,-0.0017941937158239888,-0.0016691307844284135,0.0011638940119483077,-0.00014853490178714772,-0.0030747344973209383,0.0029261995955337907,0.0019254934128994682,-0.0023899859399020484,0.004315479352801517,0.008283849058005166,-0.0007450964822627482,0.40824532812233205,-0.0008797492803585099,0.5911370112490946,0.0382693638477907,0.00018501099957685205
-2.5,120,40,10,0.9,16939,3197,-0.001298823647674119,0.000858156557196415,-0.002981416807580098,0.00038376951223185996,0.13025048545737414,0.4832044394592361,-0.0016643500654989207,-0.0005052367724801059,-0.0017941937158239888,-0.0016691307844284135,0.0011638940119483077,-0.00014853490178714772,-0.0030747344973209383,0.0029261995955337907,-8.275869124607195e-06,-0.001444110931249414,0.0014358350621248067,0.008283849058005166,-0.0007450964822627482,0.40824532812233205,-0.0008797492803585099,0.5911370112490946,0.0382693638477907,0.00018501099957685205
-2.5,120,40,20,0.6,16910,3189,-0.0014936833673272255,0.0011928649327848137,-0.003832543646266521,0.0008451769116120701,0.2105956007562225,0.4753991720875222,-0.003615517260116996,0.00021520366625559667,-0.0014508493248450562,-0.002554753417965902,0.0027699570842214987,-0.00016234102606413645,-0.003548498627297401,0.0033861576012332644,0.0020694119572845448,-0.0038796344427139773,0.005949046399998522,0.01523016063158067,-0.001135000549310244,0.33969400120094395,-0.002334048406335324,0.284229758988196,0.06353522282412183,1.1144076873417241e-06
-2.5,120,40,20,0.75,16910,3189,-0.0014936833673272255,0.0011928649327848137,-0.003832543646266521,0.0008451769116120701,0.2105956007562225,0.4753991720875222,-0.003615517260116996,0.00021520366625559667,-0.0014508493248450562,-0.002554753417965902,0.0027699570842214987,-0.00016234102606413645,-0.003548498627297401,0.0033861576012332644,0.003968842205135082,-0.003316535776593573,0.007285377981728655,0.01523016063158067,-0.001135000549310244,0.33969400120094395,-0.002334048406335324,0.284229758988196,0.06353522282412183,1.1144076873417241e-06
-2.5,120,40,20,0.9,16910,3189,-0.0014936833673272255,0.0011928649327848137,-0.003832543646266521,0.0008451769116120701,0.2105956007562225,0.4753991720875222,-0.003615517260116996,0.00021520366625559667,-0.0014508493248450562,-0.002554753417965902,0.0027699570842214987,-0.00016234102606413645,-0.003548498627297401,0.0033861576012332644,0.004668091816123812,-0.002188687491072624,0.006856779307196435,0.01523016063158067,-0.001135000549310244,0.33969400120094395,-0.002334048406335324,0.284229758988196,0.06353522282412183,1.1144076873417241e-06
-2.5,120,40,60,0.6,16746,3152,-0.0020952609119018473,0.0021279089797644414,-0.006267488503584683,0.002076966679780989,0.3248680782556518,0.4805923802699152,-0.005307560262546862,0.00045408000124774614,0.005390536847224317,-0.004983687569188389,0.0054377675704361346,0.0006724916217916712,-0.002548523170310006,0.003221014792101677,0.0035563523073274027,-0.0058663791710888685,0.009422731478416272,0.016822765553101693,0.0009225854302310084,0.44740435196024464,-0.001836858255959434,0.5320903763113496,0.11471609978359656,3.916987407394159e-08
-2.5,120,40,60,0.75,16746,3152,-0.0020952609119018473,0.0021279089797644414,-0.006267488503584683,0.002076966679780989,0.3248680782556518,0.4805923802699152,-0.005307560262546862,0.00045408000124774614,0.005390536847224317,-0.004983687569188389,0.0054377675704361346,0.0006724916217916712,-0.002548523170310006,0.003221014792101677,0.006849873066291499,-0.005095518767745644,0.011945391834037143,0.016822765553101693,0.0009225854302310084,0.44740435196024464,-0.001836858255959434,0.5320903763113496,0.11471609978359656,3.916987407394159e-08
-2.5,120,40,60,0.9,16746,3152,-0.0020952609119018473,0.0021279089797644414,-0.006267488503584683,0.002076966679780989,0.3248680782556518,0.4805923802699152,-0.005307560262546862,0.00045408000124774614,0.005390536847224317,-0.004983687569188389,0.0054377675704361346,0.0006724916217916712,-0.002548523170310006,0.003221014792101677,-0.0019289334268226997,-0.002114226140043523,0.00018529271322082343,0.016822765553101693,0.0009225854302310084,0.44740435196024464,-0.001836858255959434,0.5320903763113496,0.11471609978359656,3.916987407394159e-08
-3.0,40,5,5,0.6,18325,3336,-0.002970494612633065,0.0008853257308943635,-0.004706331139454442,-0.0012346580858116885,0.0008017828536378409,0.47377899045020466,-0.0020681851775046223,-0.0050702106517752435,-0.004374934174925093,-0.0014080868125251776,-0.003662123839250066,-0.002057212824015958,-0.004319561394080543,0.002262348570064585,-0.004076548734550064,-0.002231447070086796,-0.0018451016644632683,0.015275744428428939,-1.7198514202181885e-05,0.9668423864233185,-0.0023368369076633565,0.043296014468745016,0.04384786842727609,3.6767966057684006e-05
-3.0,40,5,5,0.75,18325,3336,-0.002970494612633065,0.0008853257308943635,-0.004706331139454442,-0.0012346580858116885,0.0008017828536378409,0.47377899045020466,-0.0020681851775046223,-0.0050702106517752435,-0.004374934174925093,-0.0014080868125251776,-0.003662123839250066,-0.002057212824015958,-0.004319561394080543,0.002262348570064585,-0.006697787184746702,-0.0017180090873434952,-0.004979778097403206,0.015275744428428939,-1.7198514202181885e-05,0.9668423864233185,-0.0023368369076633565,0.043296014468745016,0.04384786842727609,3.6767966057684006e-05
-3.0,40,5,5,0.9,18325,3336,-0.002970494612633065,0.0008853257308943635,-0.004706331139454442,-0.0012346580858116885,0.0008017828536378409,0.47377899045020466,-0.0020681851775046223,-0.0050702106517752435,-0.004374934174925093,-0.0014080868125251776,-0.003662123839250066,-0.002057212824015958,-0.004319561394080543,0.002262348570064585,-0.014397710348641369,-0.0016749611924136416,-0.012722749156227727,0.015275744428428939,-1.7198514202181885e-05,0.9668423864233185,-0.0023368369076633565,0.043296014468745016,0.04384786842727609,3.6767966057684006e-05
-3.0,40,5,10,0.6,18315,3332,-0.002032641013595066,0.001188448161351514,-0.004362803298624357,0.00029752127143422517,0.08729760281732414,0.48266448266448264,-0.0018068780745608137,-0.0030843137914480516,-0.0017025040476982664,-0.0014787586952202476,-0.001605555096227804,-0.0012169060737707966,-0.004427647373730917,0.00321074129996012,-0.0021107155722435576,-0.0019804253178793557,-0.00013029025436420193,0.00915774471315045,0.00016641794498751261,0.7778200320662223,-0.00029605919085030956,0.8431988013412675,0.05083679162072018,1.9648286750943173e-05
-3.0,40,5,10,0.75,18315,3332,-0.002032641013595066,0.001188448161351514,-0.004362803298624357,0.00029752127143422517,0.08729760281732414,0.48266448266448264,-0.0018068780745608137,-0.0030843137914480516,-0.0017025040476982664,-0.0014787586952202476,-0.001605555096227804,-0.0012169060737707966,-0.004427647373730917,0.00321074129996012,-0.0032069146576154846,-0.0016377608716652468,-0.0015691537859502378,0.00915774471315045,0.00016641794498751261,0.7778200320662223,-0.00029605919085030956,0.8431988013412675,0.05083679162072018,1.9648286750943173e-05
-3.0,40,5,10,0.9,18315,3332,-0.002032641013595066,0.001188448161351514,-0.004362803298624357,0.00029752127143422517,0.08729760281732414,0.48266448266448264,-0.0018068780745608137,-0.0030843137914480516,-0.0017025040476982664,-0.0014787586952202476,-0.001605555096227804,-0.0012169060737707966,-0.004427647373730917,0.00321074129996012,-0.012299322891429139,-0.0008679727429379819,-0.011431350148491157,0.00915774471315045,0.00016641794498751261,0.7778200320662223,-0.00029605919085030956,0.8431988013412675,0.05083679162072018,1.9648286750943173e-05
-3.0,40,5,20,0.6,18291,3324,-0.002506770886661798,0.0014685180759682036,-0.005386062168563811,0.00037252039524021544,0.0879141413417749,0.47307418949209995,-0.004017598933176547,-0.0041627060940236825,-0.0006897518039497474,-0.0018608812150616248,-0.0023018248789620577,-0.0015752386538496926,-0.005852113769358234,0.004276875115508541,-0.0019166052752655318,-0.002900986015558174,0.0009843807402926423,0.00983279742974097,0.00013001418810740112,0.8674993213957582,-0.0014315648087723147,0.4867717443779128,0.06596057736104816,1.0610546392505968e-06
-3.0,40,5,20,0.75,18291,3324,-0.002506770886661798,0.0014685180759682036,-0.005386062168563811,0.00037252039524021544,0.0879141413417749,0.47307418949209995,-0.004017598933176547,-0.0041627060940236825,-0.0006897518039497474,-0.0018608812150616248,-0.0023018248789620577,-0.0015752386538496926,-0.005852113769358234,0.004276875115508541,-0.003223607585832536,-0.0022652930072232713,-0.0009583145786092647,0.00983279742974097,0.00013001418810740112,0.8674993213957582,-0.0014315648087723147,0.4867717443779128,0.06596057736104816,1.0610546392505968e-06
-3.0,40,5,20,0.9,18291,3324,-0.002506770886661798,0.0014685180759682036,-0.005386062168563811,0.00037252039524021544,0.0879141413417749,0.47307418949209995,-0.004017598933176547,-0.0041627060940236825,-0.0006897518039497474,-0.0018608812150616248,-0.0023018248789620577,-0.0015752386538496926,-0.005852113769358234,0.004276875115508541,-0.015963351302985956,-0.00097800503845109,-0.014985346264534866,0.00983279742974097,0.00013001418810740112,0.8674993213957582,-0.0014315648087723147,0.4867717443779128,0.06596057736104816,1.0610546392505968e-06
-3.0,40,5,60,0.6,18166,3294,-0.002043490768098182,0.0023636909772311106,-0.006677943368152559,0.0025909618319561955,0.38735768563603656,0.4790818011670153,-0.005901051331841045,-1.0917131185675218e-05,0.006770667539938929,-0.004834743263545897,0.0048238261323602215,0.002406851454921757,-0.007163365564739125,0.009570217019660883,0.005135099260484343,-0.00683207211321761,0.011967171373701953,0.02766637507011549,0.0015243190269797328,0.07355897905363895,0.0008178288941092913,0.7772656830122248,0.15104477836211117,4.157362559565033e-14
-3.0,40,5,60,0.75,18166,3294,-0.002043490768098182,0.0023636909772311106,-0.006677943368152559,0.0025909618319561955,0.38735768563603656,0.4790818011670153,-0.005901051331841045,-1.0917131185675218e-05,0.006770667539938929,-0.004834743263545897,0.0048238261323602215,0.002406851454921757,-0.007163365564739125,0.009570217019660883,0.00762718394440676,-0.005331249103270807,0.012958433047677569,0.02766637507011549,0.0015243190269797328,0.07355897905363895,0.0008178288941092913,0.7772656830122248,0.15104477836211117,4.157362559565033e-14
-3.0,40,5,60,0.9,18166,3294,-0.002043490768098182,0.0023636909772311106,-0.006677943368152559,0.0025909618319561955,0.38735768563603656,0.4790818011670153,-0.005901051331841045,-1.0917131185675218e-05,0.006770667539938929,-0.004834743263545897,0.0048238261323602215,0.002406851454921757,-0.007163365564739125,0.009570217019660883,-0.00818928095106379,-0.0013399297569684997,-0.00684935119409529,0.02766637507011549,0.0015243190269797328,0.07355897905363895,0.0008178288941092913,0.7772656830122248,0.15104477836211117,4.157362559565033e-14
-3.0,40,10,5,0.6,17356,3303,-0.0030818778196999384,0.000770077987518647,-0.004591756390640531,-0.001571999248759346,6.417992734245715e-05,0.47263194284397325,-0.0021210143694568306,-0.005269565971153175,-0.003835837801716082,-0.0016625111865148294,-0.0036070547846383453,-0.0026033466000241904,-0.004336316776960186,0.0017329701769359957,-0.004057352584819241,-0.0024280252800929765,-0.0016293273047262645,0.012828988178966827,-2.8977378484681588e-05,0.9459436352775631,-0.0023108918327642454,0.045212182815129884,0.030694974952720756,0.0030897290940741728
-3.0,40,10,5,0.75,17356,3303,-0.0030818778196999384,0.000770077987518647,-0.004591756390640531,-0.001571999248759346,6.417992734245715e-05,0.47263194284397325,-0.0021210143694568306,-0.005269565971153175,-0.003835837801716082,-0.0016625111865148294,-0.0036070547846383453,-0.0026033466000241904,-0.004336316776960186,0.0017329701769359957,-0.006329826984358378,-0.0019952321591517747,-0.004334594825206603,0.012828988178966827,-2.8977378484681588e-05,0.9459436352775631,-0.0023108918327642454,0.045212182815129884,0.030694974952720756,0.0030897290940741728
-3.0,40,10,5,0.9,17356,3303,-0.0030818778196999384,0.000770077987518647,-0.004591756390640531,-0.001571999248759346,6.417992734245715e-05,0.47263194284397325,-0.0021210143694568306,-0.005269565971153175,-0.003835837801716082,-0.0016625111865148294,-0.0036070547846383453,-0.0026033466000241904,-0.004336316776960186,0.0017329701769359957,-0.01368216851284904,-0.001902257815557722,-0.01177991069729132,0.012828988178966827,-2.8977378484681588e-05,0.9459436352775631,-0.0023108918327642454,0.045212182815129884,0.030694974952720756,0.0030897290940741728
-3.0,40,10,10,0.6,17346,3299,-0.002247356506612457,0.000978579640108896,-0.0041660415094574915,-0.0003286715037674225,0.021706886582629713,0.4813213420961605,-0.0019233429342145891,-0.0035117607105407535,-0.0012780916443874209,-0.001726996655219359,-0.0017847640553213945,-0.001964605059638637,-0.004401238214328513,0.0024366331546898765,-0.0022041729515303726,-0.00227632996400064,7.215701247026722e-05,0.007318519458346828,0.0002581339688543116,0.6750444139976446,-0.0007721764260216948,0.6090492776308852,0.03622159916795985,0.00024693267090695125
-3.0,40,10,10,0.75,17346,3299,-0.002247356506612457,0.000978579640108896,-0.0041660415094574915,-0.0003286715037674225,0.021706886582629713,0.4813213420961605,-0.0019233429342145891,-0.0035117607105407535,-0.0012780916443874209,-0.001726996655219359,-0.0017847640553213945,-0.001964605059638637,-0.004401238214328513,0.0024366331546898765,-0.003045680674074133,-0.001980060742655108,-0.001065619931419025,0.007318519458346828,0.0002581339688543116,0.6750444139976446,-0.0007721764260216948,0.6090492776308852,0.03622159916795985,0.00024693267090695125
-3.0,40,10,10,0.9,17346,3299,-0.002247356506612457,0.000978579640108896,-0.0041660415094574915,-0.0003286715037674225,0.021706886582629713,0.4813213420961605,-0.0019233429342145891,-0.0035117607105407535,-0.0012780916443874209,-0.001726996655219359,-0.0017847640553213945,-0.001964605059638637,-0.004401238214328513,0.0024366331546898765,-0.011707012879799913,-0.0011939939504489643,-0.01051301892935095,0.007318519458346828,0.0002581339688543116,0.6750444139976446,-0.0007721764260216948,0.6090492776308852,0.03622159916795985,0.00024693267090695125
-3.0,40,10,20,0.6,17323,3292,-0.002957355695136963,0.0013012128033002412,-0.005508624226034205,-0.0004060871642397202,0.02310433068591134,0.47087686890261504,-0.004312717918502074,-0.004930715349848092,-0.0006607667482092239,-0.002266730064733035,-0.002663985285115057,-0.0028836376147943787,-0.005946296981190701,0.0030626593663963223,-0.002603848960160162,-0.003195063207119336,0.0005912142469591741,0.005238668205794217,0.00029911219327472005,0.7129653259869899,-0.0016212505706177873,0.4443023036805561,0.04367890256782099,0.0020118736249293907
-3.0,40,10,20,0.75,17323,3292,-0.002957355695136963,0.0013012128033002412,-0.005508624226034205,-0.0004060871642397202,0.02310433068591134,0.47087686890261504,-0.004312717918502074,-0.004930715349848092,-0.0006607667482092239,-0.002266730064733035,-0.002663985285115057,-0.0028836376147943787,-0.005946296981190701,0.0030626593663963223,-0.00351637937795691,-0.002770942748175528,-0.0007454366297813824,0.005238668205794217,0.00029911219327472005,0.7129653259869899,-0.0016212505706177873,0.4443023036805561,0.04367890256782099,0.0020118736249293907
-3.0,40,10,20,0.9,17323,3292,-0.002957355695136963,0.0013012128033002412,-0.005508624226034205,-0.0004060871642397202,0.02310433068591134,0.47087686890261504,-0.004312717918502074,-0.004930715349848092,-0.0006607667482092239,-0.002266730064733035,-0.002663985285115057,-0.0028836376147943787,-0.005946296981190701,0.0030626593663963223,-0.015020583260347518,-0.0016163952480227942,-0.013404188012324724,0.005238668205794217,0.00029911219327472005,0.7129653259869899,-0.0016212505706177873,0.4443023036805561,0.04367890256782099,0.0020118736249293907
-3.0,40,10,60,0.6,17199,3262,-0.0031522875089903557,0.0023110493988536774,-0.007683542923928498,0.001378967905947786,0.17265950413035805,0.47648119076690504,-0.006356797207641263,-0.0021766974529774095,0.006864939803630584,-0.005439350625144466,0.003262653172167056,0.00021066668104496842,-0.007416783587099959,0.007627450268144927,0.0027390760430504157,-0.00708214734858952,0.009821223391639936,0.015275854540825362,0.001700219696832114,0.047760591778532105,0.000192421165998335,0.9457453036304567,0.12077133063833456,4.625687508686988e-10
-3.0,40,10,60,0.75,17199,3262,-0.0031522875089903557,0.0023110493988536774,-0.007683542923928498,0.001378967905947786,0.17265950413035805,0.47648119076690504,-0.006356797207641263,-0.0021766974529774095,0.006864939803630584,-0.005439350625144466,0.003262653172167056,0.00021066668104496842,-0.007416783587099959,0.007627450268144927,0.005108727727756194,-0.005911298725110005,0.011020026452866198,0.015275854540825362,0.001700219696832114,0.047760591778532105,0.000192421165998335,0.9457453036304567,0.12077133063833456,4.625687508686988e-10
-3.0,40,10,60,0.9,17199,3262,-0.0031522875089903557,0.0023110493988536774,-0.007683542923928498,0.001378967905947786,0.17265950413035805,0.47648119076690504,-0.006356797207641263,-0.0021766974529774095,0.006864939803630584,-0.005439350625144466,0.003262653172167056,0.00021066668104496842,-0.007416783587099959,0.007627450268144927,-0.011260072055354163,-0.0022461233538085172,-0.009013948701545645,0.015275854540825362,0.001700219696832114,0.047760591778532105,0.000192421165998335,0.9457453036304567,0.12077133063833456,4.625687508686988e-10
-3.0,40,20,5,0.6,16058,3211,-0.002703987073129141,0.0006772307968286174,-0.00403183572039041,-0.001376138425867872,6.678531583430411e-05,0.4728484244613277,-0.0021016994438973757,-0.003911678217347163,-0.004315645816907728,-0.0017406343115655126,-0.0021710439057816503,-0.0020612782750872153,-0.0039533877790233546,0.0018921095039361392,-0.0031658987002753567,-0.002395582269834612,-0.0007703164304407447,0.007392325684787759,-0.0001726587956395488,0.6943580702706377,-0.001935562160695812,0.09006050977396599,0.029142133096871168,0.005518401856613768
-3.0,40,20,5,0.75,16058,3211,-0.002703987073129141,0.0006772307968286174,-0.00403183572039041,-0.001376138425867872,6.678531583430411e-05,0.4728484244613277,-0.0021016994438973757,-0.003911678217347163,-0.004315645816907728,-0.0017406343115655126,-0.0021710439057816503,-0.0020612782750872153,-0.0039533877790233546,0.0018921095039361392,-0.00426248614880342,-0.002173472947035676,-0.0020890132017677442,0.007392325684787759,-0.0001726587956395488,0.6943580702706377,-0.001935562160695812,0.09006050977396599,0.029142133096871168,0.005518401856613768
-3.0,40,20,5,0.9,16058,3211,-0.002703987073129141,0.0006772307968286174,-0.00403183572039041,-0.001376138425867872,6.678531583430411e-05,0.4728484244613277,-0.0021016994438973757,-0.003911678217347163,-0.004315645816907728,-0.0017406343115655126,-0.0021710439057816503,-0.0020612782750872153,-0.0039533877790233546,0.0018921095039361392,-0.007747480382174873,-0.0021338104884577897,-0.005613669893717083,0.007392325684787759,-0.0001726587956395488,0.6943580702706377,-0.001935562160695812,0.09006050977396599,0.029142133096871168,0.005518401856613768
-3.0,40,20,10,0.6,16048,3207,-0.001952538723438213,0.0008698549973140026,-0.0036580670757861535,-0.0002470103710902722,0.024857158689135753,0.4823030907278166,-0.0018206621241735887,-0.0025602531023416007,-0.0016297407020938034,-0.001719412598515822,-0.0008408405038257787,-0.00166299138415403,-0.004161478062362487,0.0024984866782084576,-0.0018139241187362153,-0.0020449436613946075,0.00023101954265839224,0.004677127290294347,6.776721587325917e-05,0.9156891315497556,-3.003946278765091e-05,0.9843405027703113,0.028397426793506073,0.0043066997068153005
-3.0,40,20,10,0.75,16048,3207,-0.001952538723438213,0.0008698549973140026,-0.0036580670757861535,-0.0002470103710902722,0.024857158689135753,0.4823030907278166,-0.0018206621241735887,-0.0025602531023416007,-0.0016297407020938034,-0.001719412598515822,-0.0008408405038257787,-0.00166299138415403,-0.004161478062362487,0.0024984866782084576,-0.0023003174463665688,-0.0018340557132375587,-0.0004662617331290101,0.004677127290294347,6.776721587325917e-05,0.9156891315497556,-3.003946278765091e-05,0.9843405027703113,0.028397426793506073,0.0043066997068153005
-3.0,40,20,10,0.9,16048,3207,-0.001952538723438213,0.0008698549973140026,-0.0036580670757861535,-0.0002470103710902722,0.024857158689135753,0.4823030907278166,-0.0018206621241735887,-0.0025602531023416007,-0.0016297407020938034,-0.001719412598515822,-0.0008408405038257787,-0.00166299138415403,-0.004161478062362487,0.0024984866782084576,-0.006905230520888008,-0.0013922390548774433,-0.005512991466010565,0.004677127290294347,6.776721587325917e-05,0.9156891315497556,-3.003946278765091e-05,0.9843405027703113,0.028397426793506073,0.0043066997068153005
-3.0,40,20,20,0.6,16025,3200,-0.0024920089170148187,0.0012115485794452316,-0.004867499276334727,-0.00011651855769491013,0.03977877415368152,0.47132605304212166,-0.004279332668185809,-0.0035139968281277948,-0.0011530017156931068,-0.0022131055159244515,-0.0013008913122033432,-0.0022137541718670354,-0.005709144049301008,0.0034953898774339725,-0.002042566930344721,-0.002791714822625595,0.0007491478922808741,0.004858726031854554,0.00022680505357336174,0.7899231819389168,-0.0008190053645606448,0.7070100678430394,0.049613861900707205,0.0017782721705430825
-3.0,40,20,20,0.75,16025,3200,-0.0024920089170148187,0.0012115485794452316,-0.004867499276334727,-0.00011651855769491013,0.03977877415368152,0.47132605304212166,-0.004279332668185809,-0.0035139968281277948,-0.0011530017156931068,-0.0022131055159244515,-0.0013008913122033432,-0.0022137541718670354,-0.005709144049301008,0.0034953898774339725,-0.003249535596602127,-0.0022334340614563485,-0.0010161015351457785,0.004858726031854554,0.00022680505357336174,0.7899231819389168,-0.0008190053645606448,0.7070100678430394,0.049613861900707205,0.0017782721705430825
-3.0,40,20,20,0.9,16025,3200,-0.0024920089170148187,0.0012115485794452316,-0.004867499276334727,-0.00011651855769491013,0.03977877415368152,0.47132605304212166,-0.004279332668185809,-0.0035139968281277948,-0.0011530017156931068,-0.0022131055159244515,-0.0013008913122033432,-0.0022137541718670354,-0.005709144049301008,0.0034953898774339725,-0.00874178642512703,-0.0017838397412658245,-0.006957946683861206,0.004858726031854554,0.00022680505357336174,0.7899231819389168,-0.0008190053645606448,0.7070100678430394,0.049613861900707205,0.0017782721705430825
-3.0,40,20,60,0.6,15911,3171,-0.0029158658027890845,0.0023310913002139977,-0.00748646592426562,0.0016547343186874511,0.21107835155315988,0.4767142228646848,-0.006356797207641263,-0.0017796106139261298,0.00733900119630213,-0.005281170791035039,0.003501560177108909,-0.0006402824480343967,-0.007064714952749331,0.006424432504714935,0.002711646609148038,-0.006668130259313259,0.009379776868461297,0.014728822467181657,0.0018008362696155938,0.04487811900157032,0.0012519017297411058,0.6692691137366171,0.12652231340815964,6.046102440088223e-09
-3.0,40,20,60,0.75,15911,3171,-0.0029158658027890845,0.0023310913002139977,-0.00748646592426562,0.0016547343186874511,0.21107835155315988,0.4767142228646848,-0.006356797207641263,-0.0017796106139261298,0.00733900119630213,-0.005281170791035039,0.003501560177108909,-0.0006402824480343967,-0.007064714952749331,0.006424432504714935,0.006505364642880486,-0.006059698024432884,0.01256506266731337,0.014728822467181657,0.0018008362696155938,0.04487811900157032,0.0012519017297411058,0.6692691137366171,0.12652231340815964,6.046102440088223e-09
-3.0,40,20,60,0.9,15911,3171,-0.0029158658027890845,0.0023310913002139977,-0.00748646592426562,0.0016547343186874511,0.21107835155315988,0.4767142228646848,-0.006356797207641263,-0.0017796106139261298,0.00733900119630213,-0.005281170791035039,0.003501560177108909,-0.0006402824480343967,-0.007064714952749331,0.006424432504714935,-0.009584599561436584,-0.002174429658940573,-0.007410169902496011,0.014728822467181657,0.0018008362696155938,0.04487811900157032,0.0012519017297411058,0.6692691137366171,0.12652231340815964,6.046102440088223e-09
-3.0,40,40,5,0.6,14662,3092,-0.002249615279394958,0.0006959314390795986,-0.0036141501526837233,-0.0008850804061061931,0.0012399117154370395,0.47524212249352066,-0.0018303461728816917,-0.0025657479193136098,-0.004301311306011169,-0.0017008849688016487,-0.0008648629505119611,-0.001403774039450577,-0.0036263619715783102,0.0022225879321277333,-0.0020766491903195057,-0.002364998115620732,0.00028834892530122617,0.011580307321495509,-3.258152721577233e-05,0.9155196217693573,-0.0020245186849812743,0.06851024468859815,0.04474412030086606,0.00013678506332148103
-3.0,40,40,5,0.75,14662,3092,-0.002249615279394958,0.0006959314390795986,-0.0036141501526837233,-0.0008850804061061931,0.0012399117154370395,0.47524212249352066,-0.0018303461728816917,-0.0025657479193136098,-0.004301311306011169,-0.0017008849688016487,-0.0008648629505119611,-0.001403774039450577,-0.0036263619715783102,0.0022225879321277333,-0.002670022459647093,-0.002108688330072664,-0.000561334129574429,0.011580307321495509,-3.258152721577233e-05,0.9155196217693573,-0.0020245186849812743,0.06851024468859815,0.04474412030086606,0.00013678506332148103
-3.0,40,40,5,0.9,14662,3092,-0.002249615279394958,0.0006959314390795986,-0.0036141501526837233,-0.0008850804061061931,0.0012399117154370395,0.47524212249352066,-0.0018303461728816917,-0.0025657479193136098,-0.004301311306011169,-0.0017008849688016487,-0.0008648629505119611,-0.001403774039450577,-0.0036263619715783102,0.0022225879321277333,-0.005192067971046452,-0.0019175145467584666,-0.0032745534242879857,0.011580307321495509,-3.258152721577233e-05,0.9155196217693573,-0.0020245186849812743,0.06851024468859815,0.04474412030086606,0.00013678506332148103
-3.0,40,40,10,0.6,14652,3088,-0.0013356981863503657,0.0008472938194813382,-0.002997014928957773,0.00032561855625704147,0.11502953313647747,0.4840977340977341,-0.0016277698625142278,-0.0009406229780814392,-0.0014859624231990717,-0.0015683690723847401,0.0006277460943033009,-0.000800922731961628,-0.0035567491462714937,0.0027558264143098658,-0.0005141478120618863,-0.0018834295870675509,0.0013692817750056646,0.00808286210952358,0.0003891664949460065,0.298627806850264,-0.00032517285311590483,0.8151724776839624,0.0478145200898766,9.168479941252648e-05
-3.0,40,40,10,0.75,14652,3088,-0.0013356981863503657,0.0008472938194813382,-0.002997014928957773,0.00032561855625704147,0.11502953313647747,0.4840977340977341,-0.0016277698625142278,-0.0009406229780814392,-0.0014859624231990717,-0.0015683690723847401,0.0006277460943033009,-0.000800922731961628,-0.0035567491462714937,0.0027558264143098658,-0.0005655652234366913,-0.0015940939056544607,0.0010285286822177694,0.00808286210952358,0.0003891664949460065,0.298627806850264,-0.00032517285311590483,0.8151724776839624,0.0478145200898766,9.168479941252648e-05
-3.0,40,40,10,0.9,14652,3088,-0.0013356981863503657,0.0008472938194813382,-0.002997014928957773,0.00032561855625704147,0.11502953313647747,0.4840977340977341,-0.0016277698625142278,-0.0009406229780814392,-0.0014859624231990717,-0.0015683690723847401,0.0006277460943033009,-0.000800922731961628,-0.0035567491462714937,0.0027558264143098658,-0.0028693561646254443,-0.0011624699741441336,-0.0017068861904813108,0.00808286210952358,0.0003891664949460065,0.298627806850264,-0.00032517285311590483,0.8151724776839624,0.0478145200898766,9.168479941252648e-05
-3.0,40,40,20,0.6,14629,3081,-0.0020246281418276903,0.0011945858043239095,-0.004366893741683961,0.00031763745802857986,0.0902074447139561,0.4718025839086746,-0.00429706671432406,-0.0021178916485101013,-0.0010880600826384669,-0.0022054078823071995,8.751623379709816e-05,-0.0015099542631846537,-0.00564760010765167,0.004137645844467016,-0.00037539530182730967,-0.003124241971118134,0.0027488466692908243,0.00955801998424377,0.0005265796290013636,0.2834362478376402,-0.0014150480111985804,0.48063047784238466,0.0687102463721307,6.941606571620667e-05
-3.0,40,40,20,0.75,14629,3081,-0.0020246281418276903,0.0011945858043239095,-0.004366893741683961,0.00031763745802857986,0.0902074447139561,0.4718025839086746,-0.00429706671432406,-0.0021178916485101013,-0.0010880600826384669,-0.0022054078823071995,8.751623379709816e-05,-0.0015099542631846537,-0.00564760010765167,0.004137645844467016,-0.0012003764293589427,-0.0023017628288570526,0.00110138639949811,0.00955801998424377,0.0005265796290013636,0.2834362478376402,-0.0014150480111985804,0.48063047784238466,0.0687102463721307,6.941606571620667e-05
-3.0,40,40,20,0.9,14629,3081,-0.0020246281418276903,0.0011945858043239095,-0.004366893741683961,0.00031763745802857986,0.0902074447139561,0.4718025839086746,-0.00429706671432406,-0.0021178916485101013,-0.0010880600826384669,-0.0022054078823071995,8.751623379709816e-05,-0.0015099542631846537,-0.00564760010765167,0.004137645844467016,-0.004678350424406055,-0.0017243629588879533,-0.0029539874655181014,0.00955801998424377,0.0005265796290013636,0.2834362478376402,-0.0014150480111985804,0.48063047784238466,0.0687102463721307,6.941606571620667e-05
-3.0,40,40,60,0.6,14525,3054,-0.0026812908522150392,0.0023098423026107805,-0.007210294090701731,0.0018477123862716523,0.245809437065472,0.4774526678141136,-0.0060288902497080965,-0.000888155362569798,0.006347543412968154,-0.0052052363453255505,0.004317080982755753,-0.0008035538152846496,-0.006104645269806149,0.005301091454521499,0.003145239598267066,-0.006583505636041772,0.009728745234308838,0.0184792053778704,0.002349500906145681,0.0008032965540157441,0.000264397397141175,0.9278207463429216,0.13873998319085232,8.480879242722752e-10
-3.0,40,40,60,0.75,14525,3054,-0.0026812908522150392,0.0023098423026107805,-0.007210294090701731,0.0018477123862716523,0.245809437065472,0.4774526678141136,-0.0060288902497080965,-0.000888155362569798,0.006347543412968154,-0.0052052363453255505,0.004317080982755753,-0.0008035538152846496,-0.006104645269806149,0.005301091454521499,0.003971261255932786,-0.00490104793246563,0.008872309188398417,0.0184792053778704,0.002349500906145681,0.0008032965540157441,0.000264397397141175,0.9278207463429216,0.13873998319085232,8.480879242722752e-10
-3.0,40,40,60,0.9,14525,3054,-0.0026812908522150392,0.0023098423026107805,-0.007210294090701731,0.0018477123862716523,0.245809437065472,0.4774526678141136,-0.0060288902497080965,-0.000888155362569798,0.006347543412968154,-0.0052052363453255505,0.004317080982755753,-0.0008035538152846496,-0.006104645269806149,0.005301091454521499,-0.009000428479388884,-0.001960585402636307,-0.007039843076752577,0.0184792053778704,0.002349500906145681,0.0008032965540157441,0.000264397397141175,0.9278207463429216,0.13873998319085232,8.480879242722752e-10
-3.0,60,5,5,0.6,17030,3209,-0.003016343992501149,0.000968172879120297,-0.004914644182325635,-0.0011180438026766634,0.0018525493000171942,0.4714621256605989,-0.0023621774894328484,-0.004807809802851552,-0.004721139129013079,-0.0014531594458650201,-0.003354650356986532,-0.0021359329996848185,-0.004130307593420851,0.0019943745937360327,-0.004200754032594392,-0.0022263508432063812,-0.0019744031893880105,0.019334110349711664,5.606148329526557e-06,0.9901943319930998,-0.002907133447448923,0.016120475777143137,0.049509622429288434,2.7552522681204665e-07
-3.0,60,5,5,0.75,17030,3209,-0.003016343992501149,0.000968172879120297,-0.004914644182325635,-0.0011180438026766634,0.0018525493000171942,0.4714621256605989,-0.0023621774894328484,-0.004807809802851552,-0.004721139129013079,-0.0014531594458650201,-0.003354650356986532,-0.0021359329996848185,-0.004130307593420851,0.0019943745937360327,-0.006842547970532452,-0.0017343436944370386,-0.005108204276095414,0.019334110349711664,5.606148329526557e-06,0.9901943319930998,-0.002907133447448923,0.016120475777143137,0.049509622429288434,2.7552522681204665e-07
-3.0,60,5,5,0.9,17030,3209,-0.003016343992501149,0.000968172879120297,-0.004914644182325635,-0.0011180438026766634,0.0018525493000171942,0.4714621256605989,-0.0023621774894328484,-0.004807809802851552,-0.004721139129013079,-0.0014531594458650201,-0.003354650356986532,-0.0021359329996848185,-0.004130307593420851,0.0019943745937360327,-0.011848922513328914,-0.002034946379075842,-0.009813976134253072,0.019334110349711664,5.606148329526557e-06,0.9901943319930998,-0.002907133447448923,0.016120475777143137,0.049509622429288434,2.7552522681204665e-07
-3.0,60,5,10,0.6,17023,3205,-0.0021627435847297025,0.0012490496091215049,-0.004611760984912687,0.0002862738154532818,0.08345685825316032,0.4822299242201727,-0.0019161234755549206,-0.003275892606147333,-0.0024336546267504154,-0.0013652756405142916,-0.0019106169656330416,-0.0008998147672107685,-0.005050612465490651,0.004150797698279882,-0.0028923889770901567,-0.0016762180660794823,-0.0012161709110106744,0.012477791916006953,2.9928067588185732e-05,0.9629874717026773,-4.254753674800063e-05,0.9781232114011362,0.05611852409322723,2.727169933940709e-07
-3.0,60,5,10,0.75,17023,3205,-0.0021627435847297025,0.0012490496091215049,-0.004611760984912687,0.0002862738154532818,0.08345685825316032,0.4822299242201727,-0.0019161234755549206,-0.003275892606147333,-0.0024336546267504154,-0.0013652756405142916,-0.0019106169656330416,-0.0008998147672107685,-0.005050612465490651,0.004150797698279882,-0.00423337845531615,-0.0014722616292161112,-0.0027611168261000383,0.012477791916006953,2.9928067588185732e-05,0.9629874717026773,-4.254753674800063e-05,0.9781232114011362,0.05611852409322723,2.727169933940709e-07
-3.0,60,5,10,0.9,17023,3205,-0.0021627435847297025,0.0012490496091215049,-0.004611760984912687,0.0002862738154532818,0.08345685825316032,0.4822299242201727,-0.0019161234755549206,-0.003275892606147333,-0.0024336546267504154,-0.0013652756405142916,-0.0019106169656330416,-0.0008998147672107685,-0.005050612465490651,0.004150797698279882,-0.006573648358899621,-0.0016724191179926676,-0.004901229240906953,0.012477791916006953,2.9928067588185732e-05,0.9629874717026773,-4.254753674800063e-05,0.9781232114011362,0.05611852409322723,2.727169933940709e-07
-3.0,60,5,20,0.6,17001,3198,-0.0031072949908962284,0.0016135381811127165,-0.006270969453668618,5.637947187616104e-05,0.05422233799546242,0.47208987706605493,-0.00423598483415244,-0.005207115605457154,-0.002847964928697837,-0.0017543487545856186,-0.0034527668508715355,-0.0011346935404873523,-0.0062357389123375954,0.0051010453718502435,-0.004014963065677592,-0.0025007578905860443,-0.0015142051750915474,0.0123083767099057,-5.067953472051783e-05,0.9520586759021459,-0.0009889087287197093,0.6486869269294939,0.06806215856555602,4.791479625817375e-08
-3.0,60,5,20,0.75,17001,3198,-0.0031072949908962284,0.0016135381811127165,-0.006270969453668618,5.637947187616104e-05,0.05422233799546242,0.47208987706605493,-0.00423598483415244,-0.005207115605457154,-0.002847964928697837,-0.0017543487545856186,-0.0034527668508715355,-0.0011346935404873523,-0.0062357389123375954,0.0051010453718502435,-0.0060447193958430255,-0.0021260790703172493,-0.003918640325525776,0.0123083767099057,-5.067953472051783e-05,0.9520586759021459,-0.0009889087287197093,0.6486869269294939,0.06806215856555602,4.791479625817375e-08
-3.0,60,5,20,0.9,17001,3198,-0.0031072949908962284,0.0016135381811127165,-0.006270969453668618,5.637947187616104e-05,0.05422233799546242,0.47208987706605493,-0.00423598483415244,-0.005207115605457154,-0.002847964928697837,-0.0017543487545856186,-0.0034527668508715355,-0.0011346935404873523,-0.0062357389123375954,0.0051010453718502435,-0.009773421546452308,-0.0023652101743115773,-0.007408211372140731,0.0123083767099057,-5.067953472051783e-05,0.9520586759021459,-0.0009889087287197093,0.6486869269294939,0.06806215856555602,4.791479625817375e-08
-3.0,60,5,60,0.6,16883,3167,-0.0034969070834685104,0.0025711133321933296,-0.008538123863948206,0.0015443096970111855,0.17390301190766072,0.47586329443819225,-0.006788866537113636,-0.0017871585476456145,0.0009159864425149412,-0.0054518324024409575,0.0036646738547953433,0.004345156508779133,-0.010304000522534964,0.014649157031314097,0.0037801542165386407,-0.008357627440053014,0.012137781656591655,0.03500826477579311,0.0012959023412057423,0.1563076308797635,0.0033258498103976683,0.301289103151121,0.15023217453327425,9.83517551541512e-13
-3.0,60,5,60,0.75,16883,3167,-0.0034969070834685104,0.0025711133321933296,-0.008538123863948206,0.0015443096970111855,0.17390301190766072,0.47586329443819225,-0.006788866537113636,-0.0017871585476456145,0.0009159864425149412,-0.0054518324024409575,0.0036646738547953433,0.004345156508779133,-0.010304000522534964,0.014649157031314097,0.005978501305596209,-0.006662614445694161,0.01264111575129037,0.03500826477579311,0.0012959023412057423,0.1563076308797635,0.0033258498103976683,0.301289103151121,0.15023217453327425,9.83517551541512e-13
-3.0,60,5,60,0.9,16883,3167,-0.0034969070834685104,0.0025711133321933296,-0.008538123863948206,0.0015443096970111855,0.17390301190766072,0.47586329443819225,-0.006788866537113636,-0.0017871585476456145,0.0009159864425149412,-0.0054518324024409575,0.0036646738547953433,0.004345156508779133,-0.010304000522534964,0.014649157031314097,0.007894176731295171,-0.004768166437302091,0.012662343168597262,0.03500826477579311,0.0012959023412057423,0.1563076308797635,0.0033258498103976683,0.301289103151121,0.15023217453327425,9.83517551541512e-13
-3.0,60,10,5,0.6,16003,3184,-0.0031039553137804333,0.0008570618293821026,-0.00478440463388177,-0.001423505993679097,0.0002973280314041606,0.4705992626382553,-0.002367876838234362,-0.005154867055945671,-0.0034335227822906776,-0.0017139216170651195,-0.0034409454388805516,-0.0029393328947725466,-0.0038426691202572143,0.0009033362254846676,-0.004138858787461668,-0.0024136962573240847,-0.0017251625301375837,0.01423260204449972,-0.00010205456890083356,0.8247888864307513,-0.003397970758943451,0.0038839294916251763,0.037597156747707444,0.00010245003890077295
-3.0,60,10,5,0.75,16003,3184,-0.0031039553137804333,0.0008570618293821026,-0.00478440463388177,-0.001423505993679097,0.0002973280314041606,0.4705992626382553,-0.002367876838234362,-0.005154867055945671,-0.0034335227822906776,-0.0017139216170651195,-0.0034409454388805516,-0.0029393328947725466,-0.0038426691202572143,0.0009033362254846676,-0.006277794262045906,-0.002044862793665844,-0.004232931468380063,0.01423260204449972,-0.00010205456890083356,0.8247888864307513,-0.003397970758943451,0.0038839294916251763,0.037597156747707444,0.00010245003890077295
-3.0,60,10,5,0.9,16003,3184,-0.0031039553137804333,0.0008570618293821026,-0.00478440463388177,-0.001423505993679097,0.0002973280314041606,0.4705992626382553,-0.002367876838234362,-0.005154867055945671,-0.0034335227822906776,-0.0017139216170651195,-0.0034409454388805516,-0.0029393328947725466,-0.0038426691202572143,0.0009033362254846676,-0.014391982561955811,-0.001815938280937253,-0.012576044281018557,0.01423260204449972,-0.00010205456890083356,0.8247888864307513,-0.003397970758943451,0.0038839294916251763,0.037597156747707444,0.00010245003890077295
-3.0,60,10,10,0.6,15996,3180,-0.0021414937257741478,0.0010710186015804697,-0.004241451139105262,-4.1536312443033255e-05,0.04564004699012247,0.48168292073018254,-0.0019224924603249427,-0.0032902331827644794,-0.0013158345449075463,-0.0015719032026289576,-0.0017183299801355218,-0.0020900937721865065,-0.004538375484641977,0.00244828171245547,-0.002333449627077387,-0.002013469781595246,-0.0003199798454821411,0.008717632772456296,0.00015690737267364983,0.8145427182554653,-0.0014816974959601212,0.34610760572647914,0.04380307336643997,4.1969956651501235e-06
-3.0,60,10,10,0.75,15996,3180,-0.0021414937257741478,0.0010710186015804697,-0.004241451139105262,-4.1536312443033255e-05,0.04564004699012247,0.48168292073018254,-0.0019224924603249427,-0.0032902331827644794,-0.0013158345449075463,-0.0015719032026289576,-0.0017183299801355218,-0.0020900937721865065,-0.004538375484641977,0.00244828171245547,-0.0028403432860200292,-0.0019081553635973197,-0.0009321879224227095,0.008717632772456296,0.00015690737267364983,0.8145427182554653,-0.0014816974959601212,0.34610760572647914,0.04380307336643997,4.1969956651501235e-06
-3.0,60,10,10,0.9,15996,3180,-0.0021414937257741478,0.0010710186015804697,-0.004241451139105262,-4.1536312443033255e-05,0.04564004699012247,0.48168292073018254,-0.0019224924603249427,-0.0032902331827644794,-0.0013158345449075463,-0.0015719032026289576,-0.0017183299801355218,-0.0020900937721865065,-0.004538375484641977,0.00244828171245547,-0.011448851601010631,-0.0010789625871300992,-0.010369889013880532,0.008717632772456296,0.00015690737267364983,0.8145427182554653,-0.0014816974959601212,0.34610760572647914,0.04380307336643997,4.1969956651501235e-06
-3.0,60,10,20,0.6,15974,3173,-0.0032031596134100546,0.0014629074664726433,-0.006071500048237937,-0.0003348191785821726,0.028626987062975298,0.47176662075873294,-0.004231239243317586,-0.005403497665983952,-0.001775429115078611,-0.0020953175457533706,-0.0033081801202305815,-0.002479798513236148,-0.006225674288815278,0.0037458757755791296,-0.003201892533814428,-0.0032040048620820692,2.1123282676412287e-06,0.008087266483199906,5.095144261487672e-05,0.9533266930191255,-0.002262784376195694,0.31701696486533093,0.05402197659965859,0.00011859821959333923
-3.0,60,10,20,0.75,15974,3173,-0.0032031596134100546,0.0014629074664726433,-0.006071500048237937,-0.0003348191785821726,0.028626987062975298,0.47176662075873294,-0.004231239243317586,-0.005403497665983952,-0.001775429115078611,-0.0020953175457533706,-0.0033081801202305815,-0.002479798513236148,-0.006225674288815278,0.0037458757755791296,-0.0048030747596514095,-0.0026679833188778587,-0.002135091440773551,0.008087266483199906,5.095144261487672e-05,0.9533266930191255,-0.002262784376195694,0.31701696486533093,0.05402197659965859,0.00011859821959333923
-3.0,60,10,20,0.9,15974,3173,-0.0032031596134100546,0.0014629074664726433,-0.006071500048237937,-0.0003348191785821726,0.028626987062975298,0.47176662075873294,-0.004231239243317586,-0.005403497665983952,-0.001775429115078611,-0.0020953175457533706,-0.0033081801202305815,-0.002479798513236148,-0.006225674288815278,0.0037458757755791296,-0.015909574044233803,-0.0017503648277720964,-0.014159209216461707,0.008087266483199906,5.095144261487672e-05,0.9533266930191255,-0.002262784376195694,0.31701696486533093,0.05402197659965859,0.00011859821959333923
-3.0,60,10,60,0.6,15858,3142,-0.004505231209050463,0.002493722389892109,-0.009394721402738032,0.0003842589846371064,0.07091580863153363,0.47427166099129775,-0.007046527180271989,-0.004037259594530753,0.0024230533770001443,-0.005980870624332264,0.0019436110298015107,0.0014935556212658254,-0.010923316791187966,0.012416872412453792,0.001929889173679817,-0.008801853283922119,0.010731742457601936,0.02223557495677775,0.0011909669214753803,0.19035913900914847,0.0010770181849063245,0.7320826100548817,0.13372137287360727,2.5111421812092596e-10
-3.0,60,10,60,0.75,15858,3142,-0.004505231209050463,0.002493722389892109,-0.009394721402738032,0.0003842589846371064,0.07091580863153363,0.47427166099129775,-0.007046527180271989,-0.004037259594530753,0.0024230533770001443,-0.005980870624332264,0.0019436110298015107,0.0014935556212658254,-0.010923316791187966,0.012416872412453792,0.003450507340065472,-0.007169198208072618,0.01061970554813809,0.02223557495677775,0.0011909669214753803,0.19035913900914847,0.0010770181849063245,0.7320826100548817,0.13372137287360727,2.5111421812092596e-10
-3.0,60,10,60,0.9,15858,3142,-0.004505231209050463,0.002493722389892109,-0.009394721402738032,0.0003842589846371064,0.07091580863153363,0.47427166099129775,-0.007046527180271989,-0.004037259594530753,0.0024230533770001443,-0.005980870624332264,0.0019436110298015107,0.0014935556212658254,-0.010923316791187966,0.012416872412453792,-0.010869536016561565,-0.0037716285942737066,-0.007097907422287859,0.02223557495677775,0.0011909669214753803,0.19035913900914847,0.0010770181849063245,0.7320826100548817,0.13372137287360727,2.5111421812092596e-10
-3.0,60,20,5,0.6,14675,3115,-0.002678661798818016,0.0007512015323566038,-0.004151562237690351,-0.00120576135994568,0.00036815459603151916,0.4700511073253833,-0.002395755185140791,-0.003773758958754634,-0.003936489587639673,-0.001824156568617706,-0.0019496023901369281,-0.0021037238613323185,-0.0037275179599794623,0.0016237940986471439,-0.002489019689363362,-0.0028053773063063028,0.00031635761694294093,0.00935072998802744,-0.0002635075029550543,0.5758793182065045,-0.0026541879267967554,0.022541856179911147,0.03665197298376213,0.00035609506535570177
-3.0,60,20,5,0.75,14675,3115,-0.002678661798818016,0.0007512015323566038,-0.004151562237690351,-0.00120576135994568,0.00036815459603151916,0.4700511073253833,-0.002395755185140791,-0.003773758958754634,-0.003936489587639673,-0.001824156568617706,-0.0019496023901369281,-0.0021037238613323185,-0.0037275179599794623,0.0016237940986471439,-0.004058345080457147,-0.002213697471304974,-0.0018446476091521728,0.00935072998802744,-0.0002635075029550543,0.5758793182065045,-0.0026541879267967554,0.022541856179911147,0.03665197298376213,0.00035609506535570177
-3.0,60,20,5,0.9,14675,3115,-0.002678661798818016,0.0007512015323566038,-0.004151562237690351,-0.00120576135994568,0.00036815459603151916,0.4700511073253833,-0.002395755185140791,-0.003773758958754634,-0.003936489587639673,-0.001824156568617706,-0.0019496023901369281,-0.0021037238613323185,-0.0037275179599794623,0.0016237940986471439,-0.007470524586101406,-0.0021339087855865887,-0.005336615800514817,0.00935072998802744,-0.0002635075029550543,0.5758793182065045,-0.0026541879267967554,0.022541856179911147,0.03665197298376213,0.00035609506535570177
-3.0,60,20,10,0.6,14668,3111,-0.0018736803121593643,0.0009476821771628734,-0.003731826405581162,-1.5534218737566462e-05,0.048116376816928735,0.482206163076084,-0.0018633887262978766,-0.0022169524870094283,-0.0018916153564889346,-0.0017110016803485574,-0.0005059508066608709,-0.0018348984546727597,-0.004524204977836877,0.0026893065231641173,-0.0009258009842977311,-0.0025055639636267207,0.0015797629793289896,0.005256220271759315,-9.63490653607824e-05,0.8891184954425114,-0.0005488263832942009,0.7324861103682636,0.03736092970948356,0.00021218470243014928
-3.0,60,20,10,0.75,14668,3111,-0.0018736803121593643,0.0009476821771628734,-0.003731826405581162,-1.5534218737566462e-05,0.048116376816928735,0.482206163076084,-0.0018633887262978766,-0.0022169524870094283,-0.0018916153564889346,-0.0017110016803485574,-0.0005059508066608709,-0.0018348984546727597,-0.004524204977836877,0.0026893065231641173,-0.0008050304219866699,-0.0022340537230216852,0.0014290233010350152,0.005256220271759315,-9.63490653607824e-05,0.8891184954425114,-0.0005488263832942009,0.7324861103682636,0.03736092970948356,0.00021218470243014928
-3.0,60,20,10,0.9,14668,3111,-0.0018736803121593643,0.0009476821771628734,-0.003731826405581162,-1.5534218737566462e-05,0.048116376816928735,0.482206163076084,-0.0018633887262978766,-0.0022169524870094283,-0.0018916153564889346,-0.0017110016803485574,-0.0005059508066608709,-0.0018348984546727597,-0.004524204977836877,0.0026893065231641173,-0.005234450865601634,-0.0014914149902871912,-0.0037430358753144425,0.005256220271759315,-9.63490653607824e-05,0.8891184954425114,-0.0005488263832942009,0.7324861103682636,0.03736092970948356,0.00021218470243014928
-3.0,60,20,20,0.6,14647,3104,-0.0026532490137170074,0.0013765398048080726,-0.0053522702350411065,4.577220760709159e-05,0.0540113716180744,0.4714275960947634,-0.004314288902551366,-0.00350867713014579,-0.0024095425830723037,-0.0022641605293646154,-0.0012445166007811746,-0.0013842177989654028,-0.0056538004773600825,0.00426958267839468,-0.0013704741322486573,-0.0035084809243363818,0.0021380067920877244,0.008487891242035195,-0.00023129478528318052,0.7978080043503031,-0.0022356849894837375,0.3391767996012155,0.06299954517225327,0.00011186164564099166
-3.0,60,20,20,0.75,14647,3104,-0.0026532490137170074,0.0013765398048080726,-0.0053522702350411065,4.577220760709159e-05,0.0540113716180744,0.4714275960947634,-0.004314288902551366,-0.00350867713014579,-0.0024095425830723037,-0.0022641605293646154,-0.0012445166007811746,-0.0013842177989654028,-0.0056538004773600825,0.00426958267839468,-0.0018183076428951773,-0.0029353505967157248,0.0011170429538205474,0.008487891242035195,-0.00023129478528318052,0.7978080043503031,-0.0022356849894837375,0.3391767996012155,0.06299954517225327,0.00011186164564099166
-3.0,60,20,20,0.9,14647,3104,-0.0026532490137170074,0.0013765398048080726,-0.0053522702350411065,4.577220760709159e-05,0.0540113716180744,0.4714275960947634,-0.004314288902551366,-0.00350867713014579,-0.0024095425830723037,-0.0022641605293646154,-0.0012445166007811746,-0.0013842177989654028,-0.0056538004773600825,0.00426958267839468,-0.009393832494596657,-0.0019041248444339937,-0.007489707650162663,0.008487891242035195,-0.00023129478528318052,0.7978080043503031,-0.0022356849894837375,0.3391767996012155,0.06299954517225327,0.00011186164564099166
-3.0,60,20,60,0.6,14539,3074,-0.004253236175641821,0.002508973264674255,-0.009172671020849989,0.0006661986695663457,0.09013692759501679,0.4743104752734026,-0.006947676779188505,-0.0035415985276684757,0.00324336230901213,-0.005925624504393353,0.002384025976724877,0.0008592855080206296,-0.009863697704341493,0.010722983212362123,0.0034238911527450823,-0.00937190779571499,0.012795798948460071,0.022386547994301842,0.0012581339190307847,0.18345231739472234,0.0011422571414520697,0.7286782422509112,0.14576656219948542,1.7993920367798948e-09
-3.0,60,20,60,0.75,14539,3074,-0.004253236175641821,0.002508973264674255,-0.009172671020849989,0.0006661986695663457,0.09013692759501679,0.4743104752734026,-0.006947676779188505,-0.0035415985276684757,0.00324336230901213,-0.005925624504393353,0.002384025976724877,0.0008592855080206296,-0.009863697704341493,0.010722983212362123,0.007268127798024485,-0.008123686114787648,0.015391813912812132,0.022386547994301842,0.0012581339190307847,0.18345231739472234,0.0011422571414520697,0.7286782422509112,0.14576656219948542,1.7993920367798948e-09
-3.0,60,20,60,0.9,14539,3074,-0.004253236175641821,0.002508973264674255,-0.009172671020849989,0.0006661986695663457,0.09013692759501679,0.4743104752734026,-0.006947676779188505,-0.0035415985276684757,0.00324336230901213,-0.005925624504393353,0.002384025976724877,0.0008592855080206296,-0.009863697704341493,0.010722983212362123,-0.00793489219252636,-0.0038431939178371452,-0.004091698274689215,0.022386547994301842,0.0012581339190307847,0.18345231739472234,0.0011422571414520697,0.7286782422509112,0.14576656219948542,1.7993920367798948e-09
-3.0,60,40,5,0.6,13141,2979,-0.00206309819347384,0.000781496463072461,-0.003595425903083033,-0.0005307704838646472,0.008335506508379395,0.47393653451031126,-0.0020594523991244174,-0.0021976808363194495,-0.003593666150250794,-0.0017350468755771857,-0.0004626339607422638,-0.0009441677800065836,-0.0033327340712801445,0.0023885662912735608,-0.0011491021535957485,-0.002676807821369597,0.0015277056677738487,0.01946814728953239,-0.00016963958170218953,0.5979536857151974,-0.002712965676368037,0.014661656238054451,0.055876067557200676,3.150576189453671e-06
-3.0,60,40,5,0.75,13141,2979,-0.00206309819347384,0.000781496463072461,-0.003595425903083033,-0.0005307704838646472,0.008335506508379395,0.47393653451031126,-0.0020594523991244174,-0.0021976808363194495,-0.003593666150250794,-0.0017350468755771857,-0.0004626339607422638,-0.0009441677800065836,-0.0033327340712801445,0.0023885662912735608,-0.0020278878432457184,-0.002074857614065711,4.6969770819992474e-05,0.01946814728953239,-0.00016963958170218953,0.5979536857151974,-0.002712965676368037,0.014661656238054451,0.055876067557200676,3.150576189453671e-06
-3.0,60,40,5,0.9,13141,2979,-0.00206309819347384,0.000781496463072461,-0.003595425903083033,-0.0005307704838646472,0.008335506508379395,0.47393653451031126,-0.0020594523991244174,-0.0021976808363194495,-0.003593666150250794,-0.0017350468755771857,-0.0004626339607422638,-0.0009441677800065836,-0.0033327340712801445,0.0023885662912735608,-0.005723266992996035,-0.0016561032694613518,-0.004067163723534683,0.01946814728953239,-0.00016963958170218953,0.5979536857151974,-0.002712965676368037,0.014661656238054451,0.055876067557200676,3.150576189453671e-06
-3.0,60,40,10,0.6,13134,2975,-0.0010952105041034377,0.0009196901464753329,-0.0028985039711511007,0.0007080829629442255,0.23380858344665087,0.4856860057865083,-0.0014995026190756655,-0.0005823553752922449,-0.00141280293107212,-0.0013863989986076174,0.0008040436233153726,-0.0005289282018079135,-0.003979600045823129,0.0034506718440152156,0.0004448705702957132,-0.0021223873090238004,0.0025672578793195138,0.01199025130917386,0.0001254034619521118,0.7446236854359345,-0.0008309789193255134,0.5626456240836506,0.058637018211003596,2.4531469498883396e-06
-3.0,60,40,10,0.75,13134,2975,-0.0010952105041034377,0.0009196901464753329,-0.0028985039711511007,0.0007080829629442255,0.23380858344665087,0.4856860057865083,-0.0014995026190756655,-0.0005823553752922449,-0.00141280293107212,-0.0013863989986076174,0.0008040436233153726,-0.0005289282018079135,-0.003979600045823129,0.0034506718440152156,0.001143134808559596,-0.0018432962495993107,0.002986431058158907,0.01199025130917386,0.0001254034619521118,0.7446236854359345,-0.0008309789193255134,0.5626456240836506,0.058637018211003596,2.4531469498883396e-06
-3.0,60,40,10,0.9,13134,2975,-0.0010952105041034377,0.0009196901464753329,-0.0028985039711511007,0.0007080829629442255,0.23380858344665087,0.4856860057865083,-0.0014995026190756655,-0.0005823553752922449,-0.00141280293107212,-0.0013863989986076174,0.0008040436233153726,-0.0005289282018079135,-0.003979600045823129,0.0034506718440152156,-0.0031421850698210483,-0.0008674609860461859,-0.0022747240837748626,0.01199025130917386,0.0001254034619521118,0.7446236854359345,-0.0008309789193255134,0.5626456240836506,0.058637018211003596,2.4531469498883396e-06
-3.0,60,40,20,0.6,13113,2968,-0.0020156764619914504,0.0013424462952860597,-0.004647896638308057,0.0006165437143251561,0.13333397750496281,0.4718981163730649,-0.00423598483415244,-0.0021085815676258907,-0.002510387256350541,-0.0019544942767992938,-0.00015408729082659698,-0.0003368603462558327,-0.0055551364383242315,0.005218276092068399,0.0005244309904539642,-0.003710050197432728,0.004234481187886692,0.013903033437239976,2.4800326655241427e-05,0.9603724378634353,-0.0023574587509628472,0.2933804127425743,0.07789665260364786,1.6238455369146856e-05
-3.0,60,40,20,0.75,13113,2968,-0.0020156764619914504,0.0013424462952860597,-0.004647896638308057,0.0006165437143251561,0.13333397750496281,0.4718981163730649,-0.00423598483415244,-0.0021085815676258907,-0.002510387256350541,-0.0019544942767992938,-0.00015408729082659698,-0.0003368603462558327,-0.0055551364383242315,0.005218276092068399,0.00042228090533288334,-0.002829238109895349,0.0032515190152282323,0.013903033437239976,2.4800326655241427e-05,0.9603724378634353,-0.0023574587509628472,0.2933804127425743,0.07789665260364786,1.6238455369146856e-05
-3.0,60,40,20,0.9,13113,2968,-0.0020156764619914504,0.0013424462952860597,-0.004647896638308057,0.0006165437143251561,0.13333397750496281,0.4718981163730649,-0.00423598483415244,-0.0021085815676258907,-0.002510387256350541,-0.0019544942767992938,-0.00015408729082659698,-0.0003368603462558327,-0.0055551364383242315,0.005218276092068399,-0.006909389055428511,-0.0014711472556200207,-0.00543824179980849,0.013903033437239976,2.4800326655241427e-05,0.9603724378634353,-0.0023574587509628472,0.2933804127425743,0.07789665260364786,1.6238455369146856e-05
-3.0,60,40,60,0.6,13015,2939,-0.003835025972387734,0.0024637958680254987,-0.008665967322680039,0.0009959153779045718,0.11968463346771561,0.47621974644640797,-0.006597329984278755,-0.0025422158002142577,0.0030454262949029674,-0.0057526342328663846,0.003210418432652127,0.001768115594136587,-0.009672068182402713,0.011440183776539301,0.004383356058155302,-0.00933854799925555,0.013721904057410854,0.02709183640015822,0.0019514124971459876,0.008346869363932821,0.0013960411154179807,0.683378642731211,0.16054701901552187,4.067445701655942e-09
-3.0,60,40,60,0.75,13015,2939,-0.003835025972387734,0.0024637958680254987,-0.008665967322680039,0.0009959153779045718,0.11968463346771561,0.47621974644640797,-0.006597329984278755,-0.0025422158002142577,0.0030454262949029674,-0.0057526342328663846,0.003210418432652127,0.001768115594136587,-0.009672068182402713,0.011440183776539301,0.0079177188635711,-0.007759433338950596,0.015677152202521697,0.02709183640015822,0.0019514124971459876,0.008346869363932821,0.0013960411154179807,0.683378642731211,0.16054701901552187,4.067445701655942e-09
-3.0,60,40,60,0.9,13015,2939,-0.003835025972387734,0.0024637958680254987,-0.008665967322680039,0.0009959153779045718,0.11968463346771561,0.47621974644640797,-0.006597329984278755,-0.0025422158002142577,0.0030454262949029674,-0.0057526342328663846,0.003210418432652127,0.001768115594136587,-0.009672068182402713,0.011440183776539301,-0.009720319246714643,-0.003179149992627134,-0.006541169254087509,0.02709183640015822,0.0019514124971459876,0.008346869363932821,0.0013960411154179807,0.683378642731211,0.16054701901552187,4.067445701655942e-09
-3.0,120,5,5,0.6,16024,3050,-0.0024578479566553196,0.0011019319796717866,-0.004618452641897223,-0.00029724327141341647,0.025787443935918152,0.4746630054917624,-0.0022214687195363236,-0.003547708200005847,-0.004046899991447976,-0.0011916759066793211,-0.002356032293326526,-0.0020392525787340157,-0.003936815659567281,0.0018975630808332651,-0.0030766619775665785,-0.0020450477587690323,-0.0010316142187975462,0.02360387591471047,2.0197832185164586e-05,0.9726792119371651,-0.0032043765910576114,0.015889828920151994,0.05005443688122262,7.026467907676325e-10
-3.0,120,5,5,0.75,16024,3050,-0.0024578479566553196,0.0011019319796717866,-0.004618452641897223,-0.00029724327141341647,0.025787443935918152,0.4746630054917624,-0.0022214687195363236,-0.003547708200005847,-0.004046899991447976,-0.0011916759066793211,-0.002356032293326526,-0.0020392525787340157,-0.003936815659567281,0.0018975630808332651,-0.0070685840136601365,-0.0009091480338814632,-0.0061594359797786736,0.02360387591471047,2.0197832185164586e-05,0.9726792119371651,-0.0032043765910576114,0.015889828920151994,0.05005443688122262,7.026467907676325e-10
-3.0,120,5,5,0.9,16024,3050,-0.0024578479566553196,0.0011019319796717866,-0.004618452641897223,-0.00029724327141341647,0.025787443935918152,0.4746630054917624,-0.0022214687195363236,-0.003547708200005847,-0.004046899991447976,-0.0011916759066793211,-0.002356032293326526,-0.0020392525787340157,-0.003936815659567281,0.0018975630808332651,-0.006479501937634912,-0.001965739705287992,-0.0045137622323469205,0.02360387591471047,2.0197832185164586e-05,0.9726792119371651,-0.0032043765910576114,0.015889828920151994,0.05005443688122262,7.026467907676325e-10
-3.0,120,5,10,0.6,16015,3046,-0.002037748208848936,0.0013429115152070032,-0.004670853045428908,0.0005953566277310369,0.12926684879779993,0.4861067748985326,-0.0014343791041755427,-0.0031702561587066674,-0.0021417568822941374,-0.0010833545454893001,-0.002086901613217367,-0.0012040063060503505,-0.005461372235032651,0.004257365928982301,-0.0029357559126272164,-0.0014381412738675404,-0.001497614638759676,0.01205250437215677,-0.0001406580697939465,0.8638993561372453,0.0005443200251580404,0.7488616656922501,0.0444386322333523,2.6813345474645667e-07
-3.0,120,5,10,0.75,16015,3046,-0.002037748208848936,0.0013429115152070032,-0.004670853045428908,0.0005953566277310369,0.12926684879779993,0.4861067748985326,-0.0014343791041755427,-0.0031702561587066674,-0.0021417568822941374,-0.0010833545454893001,-0.002086901613217367,-0.0012040063060503505,-0.005461372235032651,0.004257365928982301,-0.0066912634671851,-0.00047350551104846845,-0.006217757956136632,0.01205250437215677,-0.0001406580697939465,0.8638993561372453,0.0005443200251580404,0.7488616656922501,0.0444386322333523,2.6813345474645667e-07
-3.0,120,5,10,0.9,16015,3046,-0.002037748208848936,0.0013429115152070032,-0.004670853045428908,0.0005953566277310369,0.12926684879779993,0.4861067748985326,-0.0014343791041755427,-0.0031702561587066674,-0.0021417568822941374,-0.0010833545454893001,-0.002086901613217367,-0.0012040063060503505,-0.005461372235032651,0.004257365928982301,-0.0034595054030950798,-0.001863665659203014,-0.0015958397438920657,0.01205250437215677,-0.0001406580697939465,0.8638993561372453,0.0005443200251580404,0.7488616656922501,0.0444386322333523,2.6813345474645667e-07
-3.0,120,5,20,0.6,15997,3039,-0.002953018595649824,0.0017385989964672159,-0.006361968157158917,0.0004559309658592682,0.08951493932324998,0.47727698943551916,-0.0036048941455413264,-0.004667428125485728,-0.0025670161922547313,-0.0016487650840579442,-0.003018663041427784,-0.001058642588576927,-0.006691523737082257,0.00563288114850533,-0.004758671592239142,-0.0017491872219078952,-0.003009484370331247,0.009972334643962077,-0.00012073863077654685,0.9113177583414852,0.0010952741249945423,0.6108082143453022,0.05196536993736785,3.049040411720259e-06
-3.0,120,5,20,0.75,15997,3039,-0.002953018595649824,0.0017385989964672159,-0.006361968157158917,0.0004559309658592682,0.08951493932324998,0.47727698943551916,-0.0036048941455413264,-0.004667428125485728,-0.0025670161922547313,-0.0016487650840579442,-0.003018663041427784,-0.001058642588576927,-0.006691523737082257,0.00563288114850533,-0.007918033532441538,-0.0012815576013037516,-0.006636475931137787,0.009972334643962077,-0.00012073863077654685,0.9113177583414852,0.0010952741249945423,0.6108082143453022,0.05196536993736785,3.049040411720259e-06
-3.0,120,5,20,0.9,15997,3039,-0.002953018595649824,0.0017385989964672159,-0.006361968157158917,0.0004559309658592682,0.08951493932324998,0.47727698943551916,-0.0036048941455413264,-0.004667428125485728,-0.0025670161922547313,-0.0016487650840579442,-0.003018663041427784,-0.001058642588576927,-0.006691523737082257,0.00563288114850533,-0.006209222445477411,-0.002553819428937629,-0.0036554030165397823,0.009972334643962077,-0.00012073863077654685,0.9113177583414852,0.0010952741249945423,0.6108082143453022,0.05196536993736785,3.049040411720259e-06
-3.0,120,5,60,0.6,15893,3006,-0.0027355974586787983,0.002802326518951963,-0.008230269657333887,0.0027590747399762906,0.3290498963501473,0.47750582017240295,-0.00612307846612703,0.0007007313835844078,0.0025096501123118196,-0.006572352710258024,0.007273084093842432,0.002556704630833116,-0.005654382113101384,0.0082110867439345,0.0038229317714506606,-0.0071088673952454575,0.010931799166696118,0.027350144250097186,0.0007695799115968798,0.4800701739436378,0.003355454114348254,0.2668546319289292,0.09140388238000012,6.625958674558318e-08
-3.0,120,5,60,0.75,15893,3006,-0.0027355974586787983,0.002802326518951963,-0.008230269657333887,0.0027590747399762906,0.3290498963501473,0.47750582017240295,-0.00612307846612703,0.0007007313835844078,0.0025096501123118196,-0.006572352710258024,0.007273084093842432,0.002556704630833116,-0.005654382113101384,0.0082110867439345,0.0029752429789951136,-0.004674991939746582,0.007650234918741695,0.027350144250097186,0.0007695799115968798,0.4800701739436378,0.003355454114348254,0.2668546319289292,0.09140388238000012,6.625958674558318e-08
-3.0,120,5,60,0.9,15893,3006,-0.0027355974586787983,0.002802326518951963,-0.008230269657333887,0.0027590747399762906,0.3290498963501473,0.47750582017240295,-0.00612307846612703,0.0007007313835844078,0.0025096501123118196,-0.006572352710258024,0.007273084093842432,0.002556704630833116,-0.005654382113101384,0.0082110867439345,0.02846711989424739,-0.006204262814978359,0.03467138270922575,0.027350144250097186,0.0007695799115968798,0.4800701739436378,0.003355454114348254,0.2668546319289292,0.09140388238000012,6.625958674558318e-08
-3.0,120,10,5,0.6,14741,3022,-0.0028194488746716363,0.0009830685953594901,-0.004747000184725392,-0.0008918975646178813,0.004159282823254193,0.471474119801913,-0.002395755185140791,-0.004581675242931497,-0.002551998476743831,-0.001502217826127749,-0.0030794574168037485,-0.0027808793540730114,-0.0038262973456206608,0.0010454179915476494,-0.003660765319475579,-0.0022552977636216658,-0.0014054675558539133,0.014150214527851923,-0.00022710895216421204,0.7075712886884138,-0.003669537382864978,0.006042992695331817,0.03715012783872935,1.0113604213797193e-05
-3.0,120,10,5,0.75,14741,3022,-0.0028194488746716363,0.0009830685953594901,-0.004747000184725392,-0.0008918975646178813,0.004159282823254193,0.471474119801913,-0.002395755185140791,-0.004581675242931497,-0.002551998476743831,-0.001502217826127749,-0.0030794574168037485,-0.0027808793540730114,-0.0038262973456206608,0.0010454179915476494,-0.006879029238316378,-0.0014560773452047208,-0.005422951893111657,0.014150214527851923,-0.00022710895216421204,0.7075712886884138,-0.003669537382864978,0.006042992695331817,0.03715012783872935,1.0113604213797193e-05
-3.0,120,10,5,0.9,14741,3022,-0.0028194488746716363,0.0009830685953594901,-0.004747000184725392,-0.0008918975646178813,0.004159282823254193,0.471474119801913,-0.002395755185140791,-0.004581675242931497,-0.002551998476743831,-0.001502217826127749,-0.0030794574168037485,-0.0027808793540730114,-0.0038262973456206608,0.0010454179915476494,-0.012654401595329899,-0.0016562952339868973,-0.010998106361343001,0.014150214527851923,-0.00022710895216421204,0.7075712886884138,-0.003669537382864978,0.006042992695331817,0.03715012783872935,1.0113604213797193e-05
-3.0,120,10,10,0.6,14732,3018,-0.0023775899996509794,0.0011579617652434223,-0.0046480642211001,-0.00010711577820185893,0.04013395825126879,0.48364105348900355,-0.001647979405830835,-0.0038187909745076485,-0.0017447728587462073,-0.0014095362077809759,-0.0024092547667266726,-0.0024216031609527685,-0.005232943997480137,0.0028113408365273685,-0.003282070406003122,-0.0017704645811160255,-0.0015116058248870964,0.0065493780277523506,9.359634241917013e-05,0.9153275792781335,-0.0008902932282674902,0.6110518675568781,0.029998937214943504,5.9923349888417266e-05
-3.0,120,10,10,0.75,14732,3018,-0.0023775899996509794,0.0011579617652434223,-0.0046480642211001,-0.00010711577820185893,0.04013395825126879,0.48364105348900355,-0.001647979405830835,-0.0038187909745076485,-0.0017447728587462073,-0.0014095362077809759,-0.0024092547667266726,-0.0024216031609527685,-0.005232943997480137,0.0028113408365273685,-0.005488229592534098,-0.0013320584985422514,-0.004156171093991847,0.0065493780277523506,9.359634241917013e-05,0.9153275792781335,-0.0008902932282674902,0.6110518675568781,0.029998937214943504,5.9923349888417266e-05
-3.0,120,10,10,0.9,14732,3018,-0.0023775899996509794,0.0011579617652434223,-0.0046480642211001,-0.00010711577820185893,0.04013395825126879,0.48364105348900355,-0.001647979405830835,-0.0038187909745076485,-0.0017447728587462073,-0.0014095362077809759,-0.0024092547667266726,-0.0024216031609527685,-0.005232943997480137,0.0028113408365273685,-0.010319533706861185,-0.0014376757629895732,-0.008881857943871611,0.0065493780277523506,9.359634241917013e-05,0.9153275792781335,-0.0008902932282674902,0.6110518675568781,0.029998937214943504,5.9923349888417266e-05
-3.0,120,10,20,0.6,14715,3012,-0.003105000203447824,0.00155924385455794,-0.006162290965762958,-4.770944113268892e-05,0.04653263464345845,0.4761128100577642,-0.0036968412583147092,-0.005113950372990326,-0.0015625194874818778,-0.0019476691919869205,-0.003166281181003406,-0.002197134207849261,-0.006338062033892228,0.004140927826042967,-0.0040316487003263365,-0.002481792752205477,-0.0015498559481208593,0.005874337130197804,0.000208931842383464,0.8583310869491906,0.00022802209035347517,0.9217272888884244,0.03847603445090507,0.0020843185775362575
-3.0,120,10,20,0.75,14715,3012,-0.003105000203447824,0.00155924385455794,-0.006162290965762958,-4.770944113268892e-05,0.04653263464345845,0.4761128100577642,-0.0036968412583147092,-0.005113950372990326,-0.0015625194874818778,-0.0019476691919869205,-0.003166281181003406,-0.002197134207849261,-0.006338062033892228,0.004140927826042967,-0.007291001238229244,-0.0016958513402540783,-0.005595149897975165,0.005874337130197804,0.000208931842383464,0.8583310869491906,0.00022802209035347517,0.9217272888884244,0.03847603445090507,0.0020843185775362575
-3.0,120,10,20,0.9,14715,3012,-0.003105000203447824,0.00155924385455794,-0.006162290965762958,-4.770944113268892e-05,0.04653263464345845,0.4761128100577642,-0.0036968412583147092,-0.005113950372990326,-0.0015625194874818778,-0.0019476691919869205,-0.003166281181003406,-0.002197134207849261,-0.006338062033892228,0.004140927826042967,-0.011564974523281106,-0.002102484243838514,-0.009462490279442593,0.005874337130197804,0.000208931842383464,0.8583310869491906,0.00022802209035347517,0.9217272888884244,0.03847603445090507,0.0020843185775362575
-3.0,120,10,60,0.6,14612,2979,-0.004184963596828226,0.002705083208369082,-0.009488984987643077,0.0011190577939866261,0.12195168549088042,0.4752258417738845,-0.0066241905997737605,-0.002795222888730414,0.004570655603612071,-0.006764079294852885,0.003968856406122471,-0.0002203120415959756,-0.0064303805023472735,0.006210068460751298,0.00108668653946997,-0.007772353344554097,0.008859039884024067,0.015560426188887644,0.0015595840362046275,0.18229219328284907,0.0024324977712158686,0.43436980798494407,0.07635694370137,2.0524526288159325e-05
-3.0,120,10,60,0.75,14612,2979,-0.004184963596828226,0.002705083208369082,-0.009488984987643077,0.0011190577939866261,0.12195168549088042,0.4752258417738845,-0.0066241905997737605,-0.002795222888730414,0.004570655603612071,-0.006764079294852885,0.003968856406122471,-0.0002203120415959756,-0.0064303805023472735,0.006210068460751298,0.00018892725083380208,-0.005645589187548304,0.0058345164383821055,0.015560426188887644,0.0015595840362046275,0.18229219328284907,0.0024324977712158686,0.43436980798494407,0.07635694370137,2.0524526288159325e-05
-3.0,120,10,60,0.9,14612,2979,-0.004184963596828226,0.002705083208369082,-0.009488984987643077,0.0011190577939866261,0.12195168549088042,0.4752258417738845,-0.0066241905997737605,-0.002795222888730414,0.004570655603612071,-0.006764079294852885,0.003968856406122471,-0.0002203120415959756,-0.0064303805023472735,0.006210068460751298,-0.001800894690811282,-0.0044697075962521465,0.0026688129054408642,0.015560426188887644,0.0015595840362046275,0.18229219328284907,0.0024324977712158686,0.43436980798494407,0.07635694370137,2.0524526288159325e-05
-3.0,120,20,5,0.6,13267,2949,-0.0022726353146684296,0.0008477867043322386,-0.0039349492156095685,-0.0006103214137272903,0.00738842675046914,0.470113816235773,-0.002453593814635502,-0.002748687444158048,-0.0027373225447621385,-0.0018170417942798343,-0.0009316456498782138,-0.0023928041435865325,-0.004074692765178106,0.0016818886215915737,-0.0019844865793855115,-0.0024651088161215533,0.0004806222367360418,0.012936792988577084,-0.0006118142799978796,0.3225866843475804,-0.0027379489389761547,0.03609308186296,0.041704583731807604,1.9759767956359977e-05
-3.0,120,20,5,0.75,13267,2949,-0.0022726353146684296,0.0008477867043322386,-0.0039349492156095685,-0.0006103214137272903,0.00738842675046914,0.470113816235773,-0.002453593814635502,-0.002748687444158048,-0.0027373225447621385,-0.0018170417942798343,-0.0009316456498782138,-0.0023928041435865325,-0.004074692765178106,0.0016818886215915737,-0.003157031893735089,-0.001975074664514039,-0.0011819572292210497,0.012936792988577084,-0.0006118142799978796,0.3225866843475804,-0.0027379489389761547,0.03609308186296,0.041704583731807604,1.9759767956359977e-05
-3.0,120,20,5,0.9,13267,2949,-0.0022726353146684296,0.0008477867043322386,-0.0039349492156095685,-0.0006103214137272903,0.00738842675046914,0.470113816235773,-0.002453593814635502,-0.002748687444158048,-0.0027373225447621385,-0.0018170417942798343,-0.0009316456498782138,-0.0023928041435865325,-0.004074692765178106,0.0016818886215915737,-0.005909059123351137,-0.0018681482707007075,-0.004040910852650429,0.012936792988577084,-0.0006118142799978796,0.3225866843475804,-0.0027379489389761547,0.03609308186296,0.041704583731807604,1.9759767956359977e-05
-3.0,120,20,10,0.6,13258,2945,-0.0018576716504494298,0.0010284669156833634,-0.003874258836762406,0.00015891553586354639,0.0709808820443696,0.4832553929702821,-0.0016934787736731516,-0.002079719367154584,-0.0012712420274666745,-0.0018047785488612912,-0.0002749408182932927,-0.0028093887941132256,-0.005043254806568038,0.002233866012454812,-0.0015570000657529818,-0.0020581697753211878,0.0005011697095682059,0.005041768574309158,-0.00021077264622780192,0.8210720275400516,-0.00018263959578276157,0.9199511628299526,0.032571518615088835,0.00013739931993549706
-3.0,120,20,10,0.75,13258,2945,-0.0018576716504494298,0.0010284669156833634,-0.003874258836762406,0.00015891553586354639,0.0709808820443696,0.4832553929702821,-0.0016934787736731516,-0.002079719367154584,-0.0012712420274666745,-0.0018047785488612912,-0.0002749408182932927,-0.0028093887941132256,-0.005043254806568038,0.002233866012454812,-0.001420395908408053,-0.0020049292606952656,0.0005845333522872126,0.005041768574309158,-0.00021077264622780192,0.8210720275400516,-0.00018263959578276157,0.9199511628299526,0.032571518615088835,0.00013739931993549706
-3.0,120,20,10,0.9,13258,2945,-0.0018576716504494298,0.0010284669156833634,-0.003874258836762406,0.00015891553586354639,0.0709808820443696,0.4832553929702821,-0.0016934787736731516,-0.002079719367154584,-0.0012712420274666745,-0.0018047785488612912,-0.0002749408182932927,-0.0028093887941132256,-0.005043254806568038,0.002233866012454812,-0.005035828180953539,-0.0015038919461317893,-0.003531936234821749,0.005041768574309158,-0.00021077264622780192,0.8210720275400516,-0.00018263959578276157,0.9199511628299526,0.032571518615088835,0.00013739931993549706
-3.0,120,20,20,0.6,13241,2939,-0.002364153673248122,0.0015271560768618173,-0.005358558175587995,0.0006302508290917507,0.1217117028106345,0.4758704025375727,-0.0037199374825420684,-0.0028886923848121453,-0.0014086778032978288,-0.0022365510451935727,-0.0006521413396185726,-0.0019564511236928373,-0.00578754435785474,0.003831093234161903,-0.0017500916343803675,-0.0027738634118479994,0.0010237717774676319,0.010287216008675437,-0.0002483791388449367,0.8407371848162926,-0.0002688429291179601,0.910417514019556,0.06001566195151155,6.833022522750934e-05
-3.0,120,20,20,0.75,13241,2939,-0.002364153673248122,0.0015271560768618173,-0.005358558175587995,0.0006302508290917507,0.1217117028106345,0.4758704025375727,-0.0037199374825420684,-0.0028886923848121453,-0.0014086778032978288,-0.0022365510451935727,-0.0006521413396185726,-0.0019564511236928373,-0.00578754435785474,0.003831093234161903,-0.0029879530903676103,-0.0021537213883093187,-0.0008342317020582917,0.010287216008675437,-0.0002483791388449367,0.8407371848162926,-0.0002688429291179601,0.910417514019556,0.06001566195151155,6.833022522750934e-05
-3.0,120,20,20,0.9,13241,2939,-0.002364153673248122,0.0015271560768618173,-0.005358558175587995,0.0006302508290917507,0.1217117028106345,0.4758704025375727,-0.0037199374825420684,-0.0028886923848121453,-0.0014086778032978288,-0.0022365510451935727,-0.0006521413396185726,-0.0019564511236928373,-0.00578754435785474,0.003831093234161903,-0.0066338738952743375,-0.0018881872118319534,-0.004745686683442384,0.010287216008675437,-0.0002483791388449367,0.8407371848162926,-0.0002688429291179601,0.910417514019556,0.06001566195151155,6.833022522750934e-05
-3.0,120,20,60,0.6,13145,2907,-0.00463745413506538,0.002755497526873165,-0.01004038037918158,0.000765472109050821,0.09248589553793057,0.47219475085583873,-0.007109204742592579,-0.0038019913607184913,0.006362730174133949,-0.0071094096965647335,0.003307418335846242,-0.002294361685109639,-0.006815581886699456,0.004521220201589817,7.710000663435953e-05,-0.007813505314557783,0.007890605321192143,0.01479005233026398,0.0010972072833896596,0.37084219395685236,0.0012623682874972572,0.693835588477707,0.09648153715374416,6.771269498478087e-07
-3.0,120,20,60,0.75,13145,2907,-0.00463745413506538,0.002755497526873165,-0.01004038037918158,0.000765472109050821,0.09248589553793057,0.47219475085583873,-0.007109204742592579,-0.0038019913607184913,0.006362730174133949,-0.0071094096965647335,0.003307418335846242,-0.002294361685109639,-0.006815581886699456,0.004521220201589817,0.0001743972044665649,-0.006242543635357664,0.006416940839824229,0.01479005233026398,0.0010972072833896596,0.37084219395685236,0.0012623682874972572,0.693835588477707,0.09648153715374416,6.771269498478087e-07
-3.0,120,20,60,0.9,13145,2907,-0.00463745413506538,0.002755497526873165,-0.01004038037918158,0.000765472109050821,0.09248589553793057,0.47219475085583873,-0.007109204742592579,-0.0038019913607184913,0.006362730174133949,-0.0071094096965647335,0.003307418335846242,-0.002294361685109639,-0.006815581886699456,0.004521220201589817,-0.010467796796597846,-0.003982237493403781,-0.0064855593031940655,0.01479005233026398,0.0010972072833896596,0.37084219395685236,0.0012623682874972572,0.693835588477707,0.09648153715374416,6.771269498478087e-07
-3.0,120,40,5,0.6,11731,2804,-0.002138203006787032,0.000842854377978093,-0.0037908808701463898,-0.00048552514342767414,0.011238990432685574,0.46961043389310375,-0.0024598175055938754,-0.0022124344614761512,-0.0030554419987073784,-0.0018562391150397047,-0.0003561953464364465,-0.0019822633209571196,-0.0037813028236561986,0.001799039502699079,-0.0014740297883294889,-0.0025812368404433783,0.0011072070521138894,0.022014343928067226,-0.00020800844479177137,0.5906560395839277,-0.0019974066063191166,0.07579102894356321,0.058461292981434994,6.68859548048608e-08
-3.0,120,40,5,0.75,11731,2804,-0.002138203006787032,0.000842854377978093,-0.0037908808701463898,-0.00048552514342767414,0.011238990432685574,0.46961043389310375,-0.0024598175055938754,-0.0022124344614761512,-0.0030554419987073784,-0.0018562391150397047,-0.0003561953464364465,-0.0019822633209571196,-0.0037813028236561986,0.001799039502699079,-0.002823525397160336,-0.001909736244913322,-0.0009137891522470142,0.022014343928067226,-0.00020800844479177137,0.5906560395839277,-0.0019974066063191166,0.07579102894356321,0.058461292981434994,6.68859548048608e-08
-3.0,120,40,5,0.9,11731,2804,-0.002138203006787032,0.000842854377978093,-0.0037908808701463898,-0.00048552514342767414,0.011238990432685574,0.46961043389310375,-0.0024598175055938754,-0.0022124344614761512,-0.0030554419987073784,-0.0018562391150397047,-0.0003561953464364465,-0.0019822633209571196,-0.0037813028236561986,0.001799039502699079,-0.005034138409103347,-0.0018137176863265258,-0.0032204207227768213,0.022014343928067226,-0.00020800844479177137,0.5906560395839277,-0.0019974066063191166,0.07579102894356321,0.058461292981434994,6.68859548048608e-08
-3.0,120,40,10,0.6,11722,2800,-0.0017062109765071066,0.0010012088647472451,-0.003669393220219027,0.00025697126720481377,0.088463890716985,0.48302337485070806,-0.0016992372657638755,-0.0021490132476859355,-0.001027582310723723,-0.0015100459133623014,-0.0006389673343236341,-0.0018803867279104072,-0.004930560376319898,0.0030501736484094904,-0.0012364814353373627,-0.0020199432568501307,0.000783461821512768,0.01094714308099587,0.0003099080426337261,0.48969652419253074,0.000779398010386734,0.5844504268706812,0.051510908073440415,5.88925628165811e-07
-3.0,120,40,10,0.75,11722,2800,-0.0017062109765071066,0.0010012088647472451,-0.003669393220219027,0.00025697126720481377,0.088463890716985,0.48302337485070806,-0.0016992372657638755,-0.0021490132476859355,-0.001027582310723723,-0.0015100459133623014,-0.0006389673343236341,-0.0018803867279104072,-0.004930560376319898,0.0030501736484094904,-0.0015820337506046917,-0.0017476316393450905,0.00016559788874039873,0.01094714308099587,0.0003099080426337261,0.48969652419253074,0.000779398010386734,0.5844504268706812,0.051510908073440415,5.88925628165811e-07
-3.0,120,40,10,0.9,11722,2800,-0.0017062109765071066,0.0010012088647472451,-0.003669393220219027,0.00025697126720481377,0.088463890716985,0.48302337485070806,-0.0016992372657638755,-0.0021490132476859355,-0.001027582310723723,-0.0015100459133623014,-0.0006389673343236341,-0.0018803867279104072,-0.004930560376319898,0.0030501736484094904,-0.005817116264750481,-0.00124519674019746,-0.004571919524553021,0.01094714308099587,0.0003099080426337261,0.48969652419253074,0.000779398010386734,0.5844504268706812,0.051510908073440415,5.88925628165811e-07
-3.0,120,40,20,0.6,11705,2794,-0.0025059832098380088,0.0015193472413823636,-0.0054851401103982855,0.0004731736907222679,0.09918195873517309,0.4744980777445536,-0.003997142551608102,-0.003420871221070607,-0.002197550173643266,-0.002011580006332325,-0.0014092912147382819,-0.002029558702173392,-0.00619096982136951,0.0041614111191961185,-0.0010462157287427002,-0.0034833257510249126,0.0024371100222822127,0.018583406741074282,0.0002479944783561818,0.6634396936679057,0.00011861881987889567,0.9492062479437053,0.08771608550017979,2.0864933322585172e-06
-3.0,120,40,20,0.75,11705,2794,-0.0025059832098380088,0.0015193472413823636,-0.0054851401103982855,0.0004731736907222679,0.09918195873517309,0.4744980777445536,-0.003997142551608102,-0.003420871221070607,-0.002197550173643266,-0.002011580006332325,-0.0014092912147382819,-0.002029558702173392,-0.00619096982136951,0.0041614111191961185,-0.0028570780976347244,-0.0023886447610724816,-0.0004684333365622428,0.018583406741074282,0.0002479944783561818,0.6634396936679057,0.00011861881987889567,0.9492062479437053,0.08771608550017979,2.0864933322585172e-06
-3.0,120,40,20,0.9,11705,2794,-0.0025059832098380088,0.0015193472413823636,-0.0054851401103982855,0.0004731736907222679,0.09918195873517309,0.4744980777445536,-0.003997142551608102,-0.003420871221070607,-0.002197550173643266,-0.002011580006332325,-0.0014092912147382819,-0.002029558702173392,-0.00619096982136951,0.0041614111191961185,-0.007529178740399999,-0.0019417508505180172,-0.005587427889881982,0.018583406741074282,0.0002479944783561818,0.6634396936679057,0.00011861881987889567,0.9492062479437053,0.08771608550017979,2.0864933322585172e-06
-3.0,120,40,60,0.6,11618,2763,-0.00540618321164647,0.0027732635296864655,-0.010844062821310962,3.169639801802165e-05,0.05134947642330803,0.47107935961439146,-0.007283264957822111,-0.0054004715773541025,0.007456292388354574,-0.007613885799885577,0.0022134142225314745,-0.0028476700676671914,-0.007887174525521616,0.005039504457854425,-0.0006073255146147364,-0.008606339678763184,0.007999014164148447,0.01734306775011374,0.0018129816630723613,0.03466728656365942,0.0017979725882257842,0.5634908341005203,0.11813356188250562,1.0068132616223312e-06
-3.0,120,40,60,0.75,11618,2763,-0.00540618321164647,0.0027732635296864655,-0.010844062821310962,3.169639801802165e-05,0.05134947642330803,0.47107935961439146,-0.007283264957822111,-0.0054004715773541025,0.007456292388354574,-0.007613885799885577,0.0022134142225314745,-0.0028476700676671914,-0.007887174525521616,0.005039504457854425,-0.00036401446677168745,-0.00708729192321094,0.0067232774564392524,0.01734306775011374,0.0018129816630723613,0.03466728656365942,0.0017979725882257842,0.5634908341005203,0.11813356188250562,1.0068132616223312e-06
-3.0,120,40,60,0.9,11618,2763,-0.00540618321164647,0.0027732635296864655,-0.010844062821310962,3.169639801802165e-05,0.05134947642330803,0.47107935961439146,-0.007283264957822111,-0.0054004715773541025,0.007456292388354574,-0.007613885799885577,0.0022134142225314745,-0.0028476700676671914,-0.007887174525521616,0.005039504457854425,-0.015738028474768177,-0.004235979963178678,-0.011502048511589499,0.01734306775011374,0.0018129816630723613,0.03466728656365942,0.0017979725882257842,0.5634908341005203,0.11813356188250562,1.0068132616223312e-06
-3.5,40,5,5,0.6,11692,2839,-0.0035874488952380356,0.0012300610476142268,-0.005999352880951313,-0.0011755449095247582,0.003567819103350194,0.46604515908313376,-0.002642349717902226,-0.0072051321712887605,-0.002171952920487646,-0.0016529176892268746,-0.005552214482061886,-0.004229533030574691,-0.005386703948210148,0.001157170917635457,-0.006021645273226074,-0.001963378618237318,-0.0040582666549887556,0.01885366698555746,-0.0002676491292643594,0.5784457230372612,-0.003939577360562623,0.0071148264552565255,0.04633152195837902,0.0002548466912349263
-3.5,40,5,5,0.75,11692,2839,-0.0035874488952380356,0.0012300610476142268,-0.005999352880951313,-0.0011755449095247582,0.003567819103350194,0.46604515908313376,-0.002642349717902226,-0.0072051321712887605,-0.002171952920487646,-0.0016529176892268746,-0.005552214482061886,-0.004229533030574691,-0.005386703948210148,0.001157170917635457,-0.009414708449284177,-0.0015888046236573114,-0.007825903825626866,0.01885366698555746,-0.0002676491292643594,0.5784457230372612,-0.003939577360562623,0.0071148264552565255,0.04633152195837902,0.0002548466912349263
-3.5,40,5,5,0.9,11692,2839,-0.0035874488952380356,0.0012300610476142268,-0.005999352880951313,-0.0011755449095247582,0.003567819103350194,0.46604515908313376,-0.002642349717902226,-0.0072051321712887605,-0.002171952920487646,-0.0016529176892268746,-0.005552214482061886,-0.004229533030574691,-0.005386703948210148,0.001157170917635457,-0.01949574163906479,-0.0017324182926009922,-0.0177633233464638,0.01885366698555746,-0.0002676491292643594,0.5784457230372612,-0.003939577360562623,0.0071148264552565255,0.04633152195837902,0.0002548466912349263
-3.5,40,5,10,0.6,11687,2835,-0.002866585649224182,0.0015348403786656006,-0.005876102829860378,0.00014293153141201444,0.061910285681054424,0.4742876700607513,-0.002660429692537214,-0.00501411283533826,-0.0014458463307347967,-0.0018500205206367366,-0.003164092314701523,-0.0034271643666811693,-0.005379398945330755,0.0019522345786495859,-0.00430651387701696,-0.0019051952128882222,-0.0024013186641287376,0.008568474904563583,-4.3231588724856436e-05,0.9503462013955324,-0.0011272896200636548,0.5440606018221996,0.05112060282375778,1.4366891576968071e-05
-3.5,40,5,10,0.75,11687,2835,-0.002866585649224182,0.0015348403786656006,-0.005876102829860378,0.00014293153141201444,0.061910285681054424,0.4742876700607513,-0.002660429692537214,-0.00501411283533826,-0.0014458463307347967,-0.0018500205206367366,-0.003164092314701523,-0.0034271643666811693,-0.005379398945330755,0.0019522345786495859,-0.006006081575866844,-0.0017891767494477206,-0.004216904826419123,0.008568474904563583,-4.3231588724856436e-05,0.9503462013955324,-0.0011272896200636548,0.5440606018221996,0.05112060282375778,1.4366891576968071e-05
-3.5,40,5,10,0.9,11687,2835,-0.002866585649224182,0.0015348403786656006,-0.005876102829860378,0.00014293153141201444,0.061910285681054424,0.4742876700607513,-0.002660429692537214,-0.00501411283533826,-0.0014458463307347967,-0.0018500205206367366,-0.003164092314701523,-0.0034271643666811693,-0.005379398945330755,0.0019522345786495859,-0.016840336754333485,-0.0012363591921882124,-0.015603977562145273,0.008568474904563583,-4.3231588724856436e-05,0.9503462013955324,-0.0011272896200636548,0.5440606018221996,0.05112060282375778,1.4366891576968071e-05
-3.5,40,5,20,0.6,11670,2828,-0.004012786162455487,0.0017808157023669186,-0.0075046157991584175,-0.0005209565257525573,0.024313952300462446,0.46718080548414737,-0.0051173967819899135,-0.007201793901350648,-0.0027050483626292997,-0.0024145970296545727,-0.004787196871696075,-0.0044627887103630345,-0.009307037670709895,0.00484424896034686,-0.004896077075891618,-0.0034235049387773835,-0.0014725721371142346,0.008016386989099455,-9.889058366713776e-05,0.9140217738152243,-0.0008356015432214685,0.7324719854445954,0.059383098648259316,0.00032887244433186895
-3.5,40,5,20,0.75,11670,2828,-0.004012786162455487,0.0017808157023669186,-0.0075046157991584175,-0.0005209565257525573,0.024313952300462446,0.46718080548414737,-0.0051173967819899135,-0.007201793901350648,-0.0027050483626292997,-0.0024145970296545727,-0.004787196871696075,-0.0044627887103630345,-0.009307037670709895,0.00484424896034686,-0.007824056054904762,-0.0027022781133014652,-0.005121777941603297,0.008016386989099455,-9.889058366713776e-05,0.9140217738152243,-0.0008356015432214685,0.7324719854445954,0.059383098648259316,0.00032887244433186895
-3.5,40,5,20,0.9,11670,2828,-0.004012786162455487,0.0017808157023669186,-0.0075046157991584175,-0.0005209565257525573,0.024313952300462446,0.46718080548414737,-0.0051173967819899135,-0.007201793901350648,-0.0027050483626292997,-0.0024145970296545727,-0.004787196871696075,-0.0044627887103630345,-0.009307037670709895,0.00484424896034686,-0.027182584949893424,-0.0013053190058412937,-0.02587726594405213,0.008016386989099455,-9.889058366713776e-05,0.9140217738152243,-0.0008356015432214685,0.7324719854445954,0.059383098648259316,0.00032887244433186895
-3.5,40,5,60,0.6,11596,2802,-0.004982100418125614,0.002775939518264275,-0.01042519394274255,0.00046099310649132166,0.07280230239597704,0.47128320110382893,-0.007809728035624297,-0.0038829221408180504,0.002170585054156735,-0.006575701304639106,0.002692779163821056,-0.0015980535959904333,-0.015156540812534426,0.013558487216543994,0.001405018340770443,-0.009242628169890667,0.010647646510661109,0.03082687677574436,0.0014106710826827437,0.15013286463559883,0.0026731482924204687,0.43770246307612803,0.16432191203081073,7.697384343357323e-11
-3.5,40,5,60,0.75,11596,2802,-0.004982100418125614,0.002775939518264275,-0.01042519394274255,0.00046099310649132166,0.07280230239597704,0.47128320110382893,-0.007809728035624297,-0.0038829221408180504,0.002170585054156735,-0.006575701304639106,0.002692779163821056,-0.0015980535959904333,-0.015156540812534426,0.013558487216543994,0.00259444925406584,-0.007609693602929758,0.010204142856995599,0.03082687677574436,0.0014106710826827437,0.15013286463559883,0.0026731482924204687,0.43770246307612803,0.16432191203081073,7.697384343357323e-11
-3.5,40,5,60,0.9,11596,2802,-0.004982100418125614,0.002775939518264275,-0.01042519394274255,0.00046099310649132166,0.07280230239597704,0.47128320110382893,-0.007809728035624297,-0.0038829221408180504,0.002170585054156735,-0.006575701304639106,0.002692779163821056,-0.0015980535959904333,-0.015156540812534426,0.013558487216543994,-0.013530783467765118,-0.003976033718982496,-0.00955474974878262,0.03082687677574436,0.0014106710826827437,0.15013286463559883,0.0026731482924204687,0.43770246307612803,0.16432191203081073,7.697384343357323e-11
-3.5,40,10,5,0.6,11314,2823,-0.0035005640353453073,0.001077955188191584,-0.005614223929898795,-0.0013869041407918192,0.0011782385598807816,0.4659713629132049,-0.0025890834366160687,-0.00700870649139711,-0.0017280709336660776,-0.0017795858628188034,-0.005229120628578306,-0.004178492464987504,-0.005356387535751753,0.0011778950707642486,-0.005639909403211645,-0.0020683359205438344,-0.0035715734826678104,0.019432004571571126,-0.00019847511254149496,0.6840275353901064,-0.0031800247747465087,0.028573056254265757,0.04249741681184766,0.0015757409323458908
-3.5,40,10,5,0.75,11314,2823,-0.0035005640353453073,0.001077955188191584,-0.005614223929898795,-0.0013869041407918192,0.0011782385598807816,0.4659713629132049,-0.0025890834366160687,-0.00700870649139711,-0.0017280709336660776,-0.0017795858628188034,-0.005229120628578306,-0.004178492464987504,-0.005356387535751753,0.0011778950707642486,-0.008779780201210823,-0.0017404105252411767,-0.007039369675969647,0.019432004571571126,-0.00019847511254149496,0.6840275353901064,-0.0031800247747465087,0.028573056254265757,0.04249741681184766,0.0015757409323458908
-3.5,40,10,5,0.9,11314,2823,-0.0035005640353453073,0.001077955188191584,-0.005614223929898795,-0.0013869041407918192,0.0011782385598807816,0.4659713629132049,-0.0025890834366160687,-0.00700870649139711,-0.0017280709336660776,-0.0017795858628188034,-0.005229120628578306,-0.004178492464987504,-0.005356387535751753,0.0011778950707642486,-0.018765569596507575,-0.001707962394632029,-0.017057607201875546,0.019432004571571126,-0.00019847511254149496,0.6840275353901064,-0.0031800247747465087,0.028573056254265757,0.04249741681184766,0.0015757409323458908
-3.5,40,10,10,0.6,11309,2819,-0.002905737763283388,0.0012345089008713634,-0.005326370430632284,-0.00048510509593449255,0.01865291689496771,0.47440091962154035,-0.002627469856120279,-0.0050780769571634665,-0.0012009238753823306,-0.0019791985056097877,-0.003098878451553679,-0.0039062260243979342,-0.005517177075658347,0.0016109510512604124,-0.004108853205013832,-0.002099693055792097,-0.002009160149221735,0.008468386789086346,0.00012164779768235028,0.8638208379321465,-0.0007660172644728,0.6833228443101607,0.03784434532654142,0.0021879914526285473
-3.5,40,10,10,0.75,11309,2819,-0.002905737763283388,0.0012345089008713634,-0.005326370430632284,-0.00048510509593449255,0.01865291689496771,0.47440091962154035,-0.002627469856120279,-0.0050780769571634665,-0.0012009238753823306,-0.0019791985056097877,-0.003098878451553679,-0.0039062260243979342,-0.005517177075658347,0.0016109510512604124,-0.005771400506818318,-0.0019497283409413708,-0.0038216721658769466,0.008468386789086346,0.00012164779768235028,0.8638208379321465,-0.0007660172644728,0.6833228443101607,0.03784434532654142,0.0021879914526285473
-3.5,40,10,10,0.9,11309,2819,-0.002905737763283388,0.0012345089008713634,-0.005326370430632284,-0.00048510509593449255,0.01865291689496771,0.47440091962154035,-0.002627469856120279,-0.0050780769571634665,-0.0012009238753823306,-0.0019791985056097877,-0.003098878451553679,-0.0039062260243979342,-0.005517177075658347,0.0016109510512604124,-0.01765029804649293,-0.0011733976272422682,-0.01647690041925066,0.008468386789086346,0.00012164779768235028,0.8638208379321465,-0.0007660172644728,0.6833228443101607,0.03784434532654142,0.0021879914526285473
-3.5,40,10,20,0.6,11292,2812,-0.004146027717842666,0.0015583866685458796,-0.0072017251794069224,-0.0010903302562784109,0.007847709542355688,0.4657279489904357,-0.005301045333943599,-0.007413633050026034,-0.0025237831826202136,-0.002642876238623787,-0.004770756811402247,-0.005050400429184693,-0.009644145248834375,0.004593744819649682,-0.004960113136968662,-0.0035992467338937946,-0.001360866403074867,0.006649970141070383,8.395474303283588e-05,0.9285570298572914,-0.0002339933462887501,0.9257145749206941,0.04467199740830846,0.011825805805419011
-3.5,40,10,20,0.75,11292,2812,-0.004146027717842666,0.0015583866685458796,-0.0072017251794069224,-0.0010903302562784109,0.007847709542355688,0.4657279489904357,-0.005301045333943599,-0.007413633050026034,-0.0025237831826202136,-0.002642876238623787,-0.004770756811402247,-0.005050400429184693,-0.009644145248834375,0.004593744819649682,-0.0076403130798426856,-0.0029812659305093266,-0.004659047149333359,0.006649970141070383,8.395474303283588e-05,0.9285570298572914,-0.0002339933462887501,0.9257145749206941,0.04467199740830846,0.011825805805419011
-3.5,40,10,20,0.9,11292,2812,-0.004146027717842666,0.0015583866685458796,-0.0072017251794069224,-0.0010903302562784109,0.007847709542355688,0.4657279489904357,-0.005301045333943599,-0.007413633050026034,-0.0025237831826202136,-0.002642876238623787,-0.004770756811402247,-0.005050400429184693,-0.009644145248834375,0.004593744819649682,-0.026498176378214337,-0.00151545217026453,-0.024982724207949808,0.006649970141070383,8.395474303283588e-05,0.9285570298572914,-0.0002339933462887501,0.9257145749206941,0.04467199740830846,0.011825805805419011
-3.5,40,10,60,0.6,11218,2786,-0.006221210673016619,0.002716954007864334,-0.0115486579745596,-0.0008937633714736362,0.02210888470309121,0.46773043323230523,-0.008502525976999187,-0.006790248055232124,0.0022574617270463538,-0.007071116868887833,0.00028086881365570887,-0.0038611847497395735,-0.015780352571769723,0.01191916782203015,-0.0012945542858183248,-0.009521293099690084,0.008226738813871759,0.019585301368342467,0.001667860742436656,0.09414752174053459,0.0030783312240276984,0.37429663453270734,0.136829021200897,5.19078069729801e-07
-3.5,40,10,60,0.75,11218,2786,-0.006221210673016619,0.002716954007864334,-0.0115486579745596,-0.0008937633714736362,0.02210888470309121,0.46773043323230523,-0.008502525976999187,-0.006790248055232124,0.0022574617270463538,-0.007071116868887833,0.00028086881365570887,-0.0038611847497395735,-0.015780352571769723,0.01191916782203015,-0.00041246870749664816,-0.0081625242937482,0.007750055586251552,0.019585301368342467,0.001667860742436656,0.09414752174053459,0.0030783312240276984,0.37429663453270734,0.136829021200897,5.19078069729801e-07
-3.5,40,10,60,0.9,11218,2786,-0.006221210673016619,0.002716954007864334,-0.0115486579745596,-0.0008937633714736362,0.02210888470309121,0.46773043323230523,-0.008502525976999187,-0.006790248055232124,0.0022574617270463538,-0.007071116868887833,0.00028086881365570887,-0.0038611847497395735,-0.015780352571769723,0.01191916782203015,-0.023191689835061098,-0.004209255371025308,-0.01898243446403579,0.019585301368342467,0.001667860742436656,0.09414752174053459,0.0030783312240276984,0.37429663453270734,0.136829021200897,5.19078069729801e-07
-3.5,40,20,5,0.6,10812,2776,-0.0029793634440199506,0.0009630060770465942,-0.004867644272436321,-0.0010910826156035802,0.0019956791841279874,0.4677210506844247,-0.00250384605332582,-0.00539510316281059,-0.001626968281181536,-0.0018422043203649796,-0.0035528988424456103,-0.003747622899543309,-0.005021539044234734,0.001273916144691425,-0.004512771186177832,-0.001955830330500624,-0.0025569408556772085,0.016696633028178698,-0.0003395662231877726,0.4905059665942715,-0.0033737364570527537,0.019295249111782327,0.0488360328075471,0.0004904559078300193
-3.5,40,20,5,0.75,10812,2776,-0.0029793634440199506,0.0009630060770465942,-0.004867644272436321,-0.0010910826156035802,0.0019956791841279874,0.4677210506844247,-0.00250384605332582,-0.00539510316281059,-0.001626968281181536,-0.0018422043203649796,-0.0035528988424456103,-0.003747622899543309,-0.005021539044234734,0.001273916144691425,-0.006632285215829341,-0.0017617228534168206,-0.00487056236241252,0.016696633028178698,-0.0003395662231877726,0.4905059665942715,-0.0033737364570527537,0.019295249111782327,0.0488360328075471,0.0004904559078300193
-3.5,40,20,5,0.9,10812,2776,-0.0029793634440199506,0.0009630060770465942,-0.004867644272436321,-0.0010910826156035802,0.0019956791841279874,0.4677210506844247,-0.00250384605332582,-0.00539510316281059,-0.001626968281181536,-0.0018422043203649796,-0.0035528988424456103,-0.003747622899543309,-0.005021539044234734,0.001273916144691425,-0.01291108377637282,-0.0018726626997487218,-0.011038421076624099,0.016696633028178698,-0.0003395662231877726,0.4905059665942715,-0.0033737364570527537,0.019295249111782327,0.0488360328075471,0.0004904559078300193
-3.5,40,20,10,0.6,10807,2772,-0.0025173822347090667,0.0011285420368115683,-0.004730250549094331,-0.000304513920323803,0.025784083446921822,0.47626538354770054,-0.0024300225482414284,-0.003839437998623019,-0.0010172662114901825,-0.002054947787045188,-0.0017844902115778313,-0.0033667074826999196,-0.005440629026349569,0.0020739215436496494,-0.003595200924418036,-0.0017985039354183705,-0.0017966969889996653,0.00702172256220146,-2.076304251247869e-05,0.9770831046744094,-0.000248006811065204,0.89629303376891,0.038322903235122184,0.003908574834570193
-3.5,40,20,10,0.75,10807,2772,-0.0025173822347090667,0.0011285420368115683,-0.004730250549094331,-0.000304513920323803,0.025784083446921822,0.47626538354770054,-0.0024300225482414284,-0.003839437998623019,-0.0010172662114901825,-0.002054947787045188,-0.0017844902115778313,-0.0033667074826999196,-0.005440629026349569,0.0020739215436496494,-0.0042772814705593085,-0.001930387215644012,-0.0023468942549152967,0.00702172256220146,-2.076304251247869e-05,0.9770831046744094,-0.000248006811065204,0.89629303376891,0.038322903235122184,0.003908574834570193
-3.5,40,20,10,0.9,10807,2772,-0.0025173822347090667,0.0011285420368115683,-0.004730250549094331,-0.000304513920323803,0.025784083446921822,0.47626538354770054,-0.0024300225482414284,-0.003839437998623019,-0.0010172662114901825,-0.002054947787045188,-0.0017844902115778313,-0.0033667074826999196,-0.005440629026349569,0.0020739215436496494,-0.012717718730776515,-0.0013801648366079543,-0.01133755389416856,0.00702172256220146,-2.076304251247869e-05,0.9770831046744094,-0.000248006811065204,0.89629303376891,0.038322903235122184,0.003908574834570193
-3.5,40,20,20,0.6,10790,2765,-0.003673244521544642,0.0014287156979641126,-0.006474702592231828,-0.0008717864508574558,0.010192066014999251,0.4664504170528267,-0.005185336616710501,-0.005600669074146174,-0.002432637827064241,-0.002893619953132936,-0.0027070491210132385,-0.00439815780061571,-0.009321257377540195,0.004923099576924485,-0.004218749193541182,-0.003309153240698859,-0.0009095959528423233,0.006275876873198305,4.22351876574914e-05,0.9648458531084972,0.00039458789790320427,0.8757558655986679,0.05024603789136572,0.008955818962909206
-3.5,40,20,20,0.75,10790,2765,-0.003673244521544642,0.0014287156979641126,-0.006474702592231828,-0.0008717864508574558,0.010192066014999251,0.4664504170528267,-0.005185336616710501,-0.005600669074146174,-0.002432637827064241,-0.002893619953132936,-0.0027070491210132385,-0.00439815780061571,-0.009321257377540195,0.004923099576924485,-0.00548373153174669,-0.00306810709251334,-0.0024156244392333497,0.006275876873198305,4.22351876574914e-05,0.9648458531084972,0.00039458789790320427,0.8757558655986679,0.05024603789136572,0.008955818962909206
-3.5,40,20,20,0.9,10790,2765,-0.003673244521544642,0.0014287156979641126,-0.006474702592231828,-0.0008717864508574558,0.010192066014999251,0.4664504170528267,-0.005185336616710501,-0.005600669074146174,-0.002432637827064241,-0.002893619953132936,-0.0027070491210132385,-0.00439815780061571,-0.009321257377540195,0.004923099576924485,-0.021034417287406102,-0.0017342880741725195,-0.019300129213233583,0.006275876873198305,4.22351876574914e-05,0.9648458531084972,0.00039458789790320427,0.8757558655986679,0.05024603789136572,0.008955818962909206
-3.5,40,20,60,0.6,10719,2739,-0.005651125880072036,0.0027240019428979444,-0.010992432750865373,-0.0003098190092786996,0.0381198565676458,0.46860714618901017,-0.008308022557326877,-0.005043619931536399,0.0021878496877280494,-0.007032373455200446,0.0019887535236640464,-0.003390599084254654,-0.015149115591010162,0.01175851650675551,-0.0006034874083609835,-0.009040355766114106,0.008436868357753122,0.02000864298308791,0.0016097252442287687,0.1137113566919848,0.004155956877479842,0.23839451592342364,0.14378688880431903,1.3276873738234887e-06
-3.5,40,20,60,0.75,10719,2739,-0.005651125880072036,0.0027240019428979444,-0.010992432750865373,-0.0003098190092786996,0.0381198565676458,0.46860714618901017,-0.008308022557326877,-0.005043619931536399,0.0021878496877280494,-0.007032373455200446,0.0019887535236640464,-0.003390599084254654,-0.015149115591010162,0.01175851650675551,0.0020407850789720483,-0.008233307577724967,0.010274092656697015,0.02000864298308791,0.0016097252442287687,0.1137113566919848,0.004155956877479842,0.23839451592342364,0.14378688880431903,1.3276873738234887e-06
-3.5,40,20,60,0.9,10719,2739,-0.005651125880072036,0.0027240019428979444,-0.010992432750865373,-0.0003098190092786996,0.0381198565676458,0.46860714618901017,-0.008308022557326877,-0.005043619931536399,0.0021878496877280494,-0.007032373455200446,0.0019887535236640464,-0.003390599084254654,-0.015149115591010162,0.01175851650675551,-0.016640035590934642,-0.0044148022551031675,-0.012225233335831476,0.02000864298308791,0.0016097252442287687,0.1137113566919848,0.004155956877479842,0.23839451592342364,0.14378688880431903,1.3276873738234887e-06
-3.5,40,40,5,0.6,10267,2706,-0.0027270068538925887,0.0009289976354069528,-0.004548623845685582,-0.000905389862099595,0.0033589358631961903,0.46849128275056007,-0.002395127670799635,-0.004588349799400669,-0.001269071556590331,-0.0019103621286274304,-0.0026779876707732388,-0.0036849958436013202,-0.004149876717744594,0.0004648808741432738,-0.003648587631251294,-0.0021125697998971007,-0.0015360178313541932,0.015198965045631563,-6.764132444198263e-06,0.9836641692208223,-0.0028725730815587387,0.026722198902858176,0.04678025116740026,0.00046885462443935536
-3.5,40,40,5,0.75,10267,2706,-0.0027270068538925887,0.0009289976354069528,-0.004548623845685582,-0.000905389862099595,0.0033589358631961903,0.46849128275056007,-0.002395127670799635,-0.004588349799400669,-0.001269071556590331,-0.0019103621286274304,-0.0026779876707732388,-0.0036849958436013202,-0.004149876717744594,0.0004648808741432738,-0.005900123400590855,-0.0016564881804591498,-0.004243635220131705,0.015198965045631563,-6.764132444198263e-06,0.9836641692208223,-0.0028725730815587387,0.026722198902858176,0.04678025116740026,0.00046885462443935536
-3.5,40,40,5,0.9,10267,2706,-0.0027270068538925887,0.0009289976354069528,-0.004548623845685582,-0.000905389862099595,0.0033589358631961903,0.46849128275056007,-0.002395127670799635,-0.004588349799400669,-0.001269071556590331,-0.0019103621286274304,-0.0026779876707732388,-0.0036849958436013202,-0.004149876717744594,0.0004648808741432738,-0.011563986341493054,-0.0017320326788149026,-0.009831953662678151,0.015198965045631563,-6.764132444198263e-06,0.9836641692208223,-0.0028725730815587387,0.026722198902858176,0.04678025116740026,0.00046885462443935536
-3.5,40,40,10,0.6,10262,2702,-0.0021510498513147252,0.0010604749463474547,-0.004230474371528161,-7.162533110128926e-05,0.04261906698937088,0.4773923211849542,-0.0023374002168800034,-0.003000850886919119,-0.0005434647438706685,-0.001961187048142827,-0.001039663838776292,-0.0032786317382967993,-0.0046495086305428455,0.0013708768922460462,-0.0026292596727936625,-0.001832087939847455,-0.0007971717329462074,0.007718444291015425,0.0005364134496227674,0.18085746093924182,0.0003773125006807653,0.8221821133877826,0.041114297403267455,0.0033175103906666918
-3.5,40,40,10,0.75,10262,2702,-0.0021510498513147252,0.0010604749463474547,-0.004230474371528161,-7.162533110128926e-05,0.04261906698937088,0.4773923211849542,-0.0023374002168800034,-0.003000850886919119,-0.0005434647438706685,-0.001961187048142827,-0.001039663838776292,-0.0032786317382967993,-0.0046495086305428455,0.0013708768922460462,-0.0042014187338502325,-0.0014588632760062052,-0.0027425554578440273,0.007718444291015425,0.0005364134496227674,0.18085746093924182,0.0003773125006807653,0.8221821133877826,0.041114297403267455,0.0033175103906666918
-3.5,40,40,10,0.9,10262,2702,-0.0021510498513147252,0.0010604749463474547,-0.004230474371528161,-7.162533110128926e-05,0.04261906698937088,0.4773923211849542,-0.0023374002168800034,-0.003000850886919119,-0.0005434647438706685,-0.001961187048142827,-0.001039663838776292,-0.0032786317382967993,-0.0046495086305428455,0.0013708768922460462,-0.01142688751931315,-0.0011060975215900842,-0.010320789997723066,0.007718444291015425,0.0005364134496227674,0.18085746093924182,0.0003773125006807653,0.8221821133877826,0.041114297403267455,0.0033175103906666918
-3.5,40,40,20,0.6,10245,2695,-0.003261532241533669,0.0013910521716560694,-0.005989169866650483,-0.0005338946164168547,0.019117130478225778,0.4676427525622255,-0.005007969308708615,-0.004514393904804957,-0.002096823434180154,-0.0028368359965349537,-0.0016775579082700031,-0.004080332138875607,-0.00844631167387508,0.004365979534999473,-0.0028766289515475764,-0.003518552149644194,0.0006419231980966176,0.006948228774220078,0.0005791142570431494,0.2763498806320356,0.0004889501280938365,0.8276694381505103,0.055774167294420404,0.006237101298830246
-3.5,40,40,20,0.75,10245,2695,-0.003261532241533669,0.0013910521716560694,-0.005989169866650483,-0.0005338946164168547,0.019117130478225778,0.4676427525622255,-0.005007969308708615,-0.004514393904804957,-0.002096823434180154,-0.0028368359965349537,-0.0016775579082700031,-0.004080332138875607,-0.00844631167387508,0.004365979534999473,-0.005676414833580091,-0.002444478562448074,-0.0032319362711320165,0.006948228774220078,0.0005791142570431494,0.2763498806320356,0.0004889501280938365,0.8276694381505103,0.055774167294420404,0.006237101298830246
-3.5,40,40,20,0.9,10245,2695,-0.003261532241533669,0.0013910521716560694,-0.005989169866650483,-0.0005338946164168547,0.019117130478225778,0.4676427525622255,-0.005007969308708615,-0.004514393904804957,-0.002096823434180154,-0.0028368359965349537,-0.0016775579082700031,-0.004080332138875607,-0.00844631167387508,0.004365979534999473,-0.01858049640042746,-0.0015326159085887806,-0.01704788049183868,0.006948228774220078,0.0005791142570431494,0.2763498806320356,0.0004889501280938365,0.8276694381505103,0.055774167294420404,0.006237101298830246
-3.5,40,40,60,0.6,10179,2669,-0.0058981183428812945,0.002718167425590168,-0.011228046557108746,-0.0005681901286538416,0.030103326557466226,0.4680223990568818,-0.008368666602929897,-0.005103501051780066,0.001681183664929072,-0.007334661255178607,0.0022311602033985405,-0.003324048381272879,-0.014823545903478542,0.011499497522205663,-0.0006489841972296765,-0.009398114124949968,0.00874912992772029,0.017277457314857636,0.002199661875817283,0.005845622992395438,0.0050544140625677445,0.137404397056361,0.13207168614658998,9.908027242745493e-06
-3.5,40,40,60,0.75,10179,2669,-0.0058981183428812945,0.002718167425590168,-0.011228046557108746,-0.0005681901286538416,0.030103326557466226,0.4680223990568818,-0.008368666602929897,-0.005103501051780066,0.001681183664929072,-0.007334661255178607,0.0022311602033985405,-0.003324048381272879,-0.014823545903478542,0.011499497522205663,-0.001525637866628636,-0.007389600813634672,0.005863962947006036,0.017277457314857636,0.002199661875817283,0.005845622992395438,0.0050544140625677445,0.137404397056361,0.13207168614658998,9.908027242745493e-06
-3.5,40,40,60,0.9,10179,2669,-0.0058981183428812945,0.002718167425590168,-0.011228046557108746,-0.0005681901286538416,0.030103326557466226,0.4680223990568818,-0.008368666602929897,-0.005103501051780066,0.001681183664929072,-0.007334661255178607,0.0022311602033985405,-0.003324048381272879,-0.014823545903478542,0.011499497522205663,-0.018945767549443673,-0.004440304326027503,-0.01450546322341617,0.017277457314857636,0.002199661875817283,0.005845622992395438,0.0050544140625677445,0.137404397056361,0.13207168614658998,9.908027242745493e-06
-3.5,60,5,5,0.6,10914,2723,-0.0041033236053000955,0.0013723095778453254,-0.0067941974685715965,-0.0014124497420285945,0.002813974811797545,0.4649990837456478,-0.002869080839920657,-0.0075489519277761544,-0.0031957136529436035,-0.0019137073641434502,-0.005635244563632704,-0.004046507908081539,-0.006920363378504106,0.002873855470422567,-0.006896539612299533,-0.002229491311565934,-0.0046670483007335995,0.017049166291248974,-8.140901231213369e-06,0.9879484357100565,-0.0027587762733913557,0.07606507508930686,0.04561866157592435,0.00022727713937732176
-3.5,60,5,5,0.75,10914,2723,-0.0041033236053000955,0.0013723095778453254,-0.0067941974685715965,-0.0014124497420285945,0.002813974811797545,0.4649990837456478,-0.002869080839920657,-0.0075489519277761544,-0.0031957136529436035,-0.0019137073641434502,-0.005635244563632704,-0.004046507908081539,-0.006920363378504106,0.002873855470422567,-0.010286342395719019,-0.002029708714251733,-0.008256633681467285,0.017049166291248974,-8.140901231213369e-06,0.9879484357100565,-0.0027587762733913557,0.07606507508930686,0.04561866157592435,0.00022727713937732176
-3.5,60,5,5,0.9,10914,2723,-0.0041033236053000955,0.0013723095778453254,-0.0067941974685715965,-0.0014124497420285945,0.002813974811797545,0.4649990837456478,-0.002869080839920657,-0.0075489519277761544,-0.0031957136529436035,-0.0019137073641434502,-0.005635244563632704,-0.004046507908081539,-0.006920363378504106,0.002873855470422567,-0.014562730739051875,-0.0029012771219544273,-0.011661453617097448,0.017049166291248974,-8.140901231213369e-06,0.9879484357100565,-0.0027587762733913557,0.07606507508930686,0.04561866157592435,0.00022727713937732176
-3.5,60,5,10,0.6,10911,2721,-0.00314778848177611,0.0017686594028668335,-0.006615840438687159,0.00032026347513493866,0.07522693763210225,0.47594171020071485,-0.002542127080370271,-0.00500148881473333,-0.0012816976555984664,-0.0022434861564280856,-0.002758002658305245,-0.002951870631466457,-0.006536178755820438,0.0035843081243539807,-0.004581442700474869,-0.0021855779156345935,-0.0023958647848402754,0.010618354228951965,-4.4501219694936986e-05,0.9536199898313626,0.00021813535520500595,0.9096147065339802,0.053450565521589576,4.0600519443310394e-07
-3.5,60,5,10,0.75,10911,2721,-0.00314778848177611,0.0017686594028668335,-0.006615840438687159,0.00032026347513493866,0.07522693763210225,0.47594171020071485,-0.002542127080370271,-0.00500148881473333,-0.0012816976555984664,-0.0022434861564280856,-0.002758002658305245,-0.002951870631466457,-0.006536178755820438,0.0035843081243539807,-0.006257450573171299,-0.0021045101717988503,-0.004152940401372448,0.010618354228951965,-4.4501219694936986e-05,0.9536199898313626,0.00021813535520500595,0.9096147065339802,0.053450565521589576,4.0600519443310394e-07
-3.5,60,5,10,0.9,10911,2721,-0.00314778848177611,0.0017686594028668335,-0.006615840438687159,0.00032026347513493866,0.07522693763210225,0.47594171020071485,-0.002542127080370271,-0.00500148881473333,-0.0012816976555984664,-0.0022434861564280856,-0.002758002658305245,-0.002951870631466457,-0.006536178755820438,0.0035843081243539807,-0.006388922630089974,-0.0027751872231563364,-0.0036137354069336377,0.010618354228951965,-4.4501219694936986e-05,0.9536199898313626,0.00021813535520500595,0.9096147065339802,0.053450565521589576,4.0600519443310394e-07
-3.5,60,5,20,0.6,10896,2714,-0.003977867132243933,0.0020981738511069094,-0.008092047780377535,0.00013631351588966768,0.058083263814742346,0.46916299559471364,-0.004816431404376764,-0.0065323361889022755,-0.0011289873413870754,-0.0027793562457215436,-0.003752979943180732,-0.004044044401876815,-0.00972693662293269,0.005682892221055875,-0.004928003609069442,-0.00334357032907392,-0.0015844332799955217,0.016295210969752838,-0.0001431741448827911,0.8858122625654092,-0.0004554601532968853,0.8543218371575108,0.0835578291462179,1.1875358114314588e-07
-3.5,60,5,20,0.75,10896,2714,-0.003977867132243933,0.0020981738511069094,-0.008092047780377535,0.00013631351588966768,0.058083263814742346,0.46916299559471364,-0.004816431404376764,-0.0065323361889022755,-0.0011289873413870754,-0.0027793562457215436,-0.003752979943180732,-0.004044044401876815,-0.00972693662293269,0.005682892221055875,-0.008113597595891284,-0.0025877951272338297,-0.005525802468657455,0.016295210969752838,-0.0001431741448827911,0.8858122625654092,-0.0004554601532968853,0.8543218371575108,0.0835578291462179,1.1875358114314588e-07
-3.5,60,5,20,0.9,10896,2714,-0.003977867132243933,0.0020981738511069094,-0.008092047780377535,0.00013631351588966768,0.058083263814742346,0.46916299559471364,-0.004816431404376764,-0.0065323361889022755,-0.0011289873413870754,-0.0027793562457215436,-0.003752979943180732,-0.004044044401876815,-0.00972693662293269,0.005682892221055875,-0.010517285943685794,-0.0032249404959864268,-0.007292345447699368,0.016295210969752838,-0.0001431741448827911,0.8858122625654092,-0.0004554601532968853,0.8543218371575108,0.0835578291462179,1.1875358114314588e-07
-3.5,60,5,60,0.6,10826,2687,-0.005091452255484493,0.003110946732396145,-0.011191544609836682,0.001008640098867696,0.10182606247393688,0.4712728616294107,-0.007942751359130085,-0.003374272794132226,0.002021066847867266,-0.007310117420967077,0.0039358446268348505,-0.0016275311956379908,-0.015787620358805987,0.014160089163167997,0.001722454245240303,-0.009636854620920253,0.011359308866160557,0.0439847748590565,0.001308431399774332,0.2135532839382276,0.0050960163386105746,0.1673081460791983,0.1761882098526035,2.393410379477174e-13
-3.5,60,5,60,0.75,10826,2687,-0.005091452255484493,0.003110946732396145,-0.011191544609836682,0.001008640098867696,0.10182606247393688,0.4712728616294107,-0.007942751359130085,-0.003374272794132226,0.002021066847867266,-0.007310117420967077,0.0039358446268348505,-0.0016275311956379908,-0.015787620358805987,0.014160089163167997,0.0027812961798398435,-0.007716348180404185,0.01049764436024403,0.0439847748590565,0.001308431399774332,0.2135532839382276,0.0050960163386105746,0.1673081460791983,0.1761882098526035,2.393410379477174e-13
-3.5,60,5,60,0.9,10826,2687,-0.005091452255484493,0.003110946732396145,-0.011191544609836682,0.001008640098867696,0.10182606247393688,0.4712728616294107,-0.007942751359130085,-0.003374272794132226,0.002021066847867266,-0.007310117420967077,0.0039358446268348505,-0.0016275311956379908,-0.015787620358805987,0.014160089163167997,0.008825852033891067,-0.006705406211318688,0.015531258245209754,0.0439847748590565,0.001308431399774332,0.2135532839382276,0.0050960163386105746,0.1673081460791983,0.1761882098526035,2.393410379477174e-13
-3.5,60,10,5,0.6,10440,2708,-0.004165513671135217,0.001160166527005662,-0.006440415435564139,-0.0018906119067062946,0.0003359821035457579,0.4640804597701149,-0.0028923054604563236,-0.007887526027201455,-0.0028422029367494257,-0.0020373060992891806,-0.005850219927912275,-0.004058160991078295,-0.0065884769983868205,0.0025303160073085256,-0.0065776721382217514,-0.0025432385598200507,-0.0040344335784017,0.01719572276634551,-4.9929572922063594e-05,0.9269351031036929,-0.002406779158978359,0.11126644942373579,0.03874542467177237,0.003972109944975456
-3.5,60,10,5,0.75,10440,2708,-0.004165513671135217,0.001160166527005662,-0.006440415435564139,-0.0018906119067062946,0.0003359821035457579,0.4640804597701149,-0.0028923054604563236,-0.007887526027201455,-0.0028422029367494257,-0.0020373060992891806,-0.005850219927912275,-0.004058160991078295,-0.0065884769983868205,0.0025303160073085256,-0.00954901542151423,-0.0023682618410930086,-0.007180753580421222,0.01719572276634551,-4.9929572922063594e-05,0.9269351031036929,-0.002406779158978359,0.11126644942373579,0.03874542467177237,0.003972109944975456
-3.5,60,10,5,0.9,10440,2708,-0.004165513671135217,0.001160166527005662,-0.006440415435564139,-0.0018906119067062946,0.0003359821035457579,0.4640804597701149,-0.0028923054604563236,-0.007887526027201455,-0.0028422029367494257,-0.0020373060992891806,-0.005850219927912275,-0.004058160991078295,-0.0065884769983868205,0.0025303160073085256,-0.018729782635625143,-0.0025231136962438993,-0.016206668939381243,0.01719572276634551,-4.9929572922063594e-05,0.9269351031036929,-0.002406779158978359,0.11126644942373579,0.03874542467177237,0.003972109944975456
-3.5,60,10,10,0.6,10437,2706,-0.0035222283769118117,0.0013288209482225407,-0.006127835459293995,-0.000916621294529628,0.008080720964145182,0.4746574686212513,-0.002596568378131936,-0.005939413374821482,-0.0012980192640883392,-0.0024197329555935947,-0.0035196804192278875,-0.003561493900009848,-0.006424220275220926,0.0028627263752110783,-0.0049619105780818115,-0.002553517705247817,-0.0024083928728339944,0.008558791347311634,0.00011882343875862578,0.8801200560798286,4.130201810491431e-05,0.9829177521644056,0.0383550567901044,0.0010831186586478902
-3.5,60,10,10,0.75,10437,2706,-0.0035222283769118117,0.0013288209482225407,-0.006127835459293995,-0.000916621294529628,0.008080720964145182,0.4746574686212513,-0.002596568378131936,-0.005939413374821482,-0.0012980192640883392,-0.0024197329555935947,-0.0035196804192278875,-0.003561493900009848,-0.006424220275220926,0.0028627263752110783,-0.006491028555757374,-0.0025307310779185267,-0.003960297477838848,0.008558791347311634,0.00011882343875862578,0.8801200560798286,4.130201810491431e-05,0.9829177521644056,0.0383550567901044,0.0010831186586478902
-3.5,60,10,10,0.9,10437,2706,-0.0035222283769118117,0.0013288209482225407,-0.006127835459293995,-0.000916621294529628,0.008080720964145182,0.4746574686212513,-0.002596568378131936,-0.005939413374821482,-0.0012980192640883392,-0.0024197329555935947,-0.0035196804192278875,-0.003561493900009848,-0.006424220275220926,0.0028627263752110783,-0.015329309103067389,-0.0021903282374222495,-0.01313898086564514,0.008558791347311634,0.00011882343875862578,0.8801200560798286,4.130201810491431e-05,0.9829177521644056,0.0383550567901044,0.0010831186586478902
-3.5,60,10,20,0.6,10422,2699,-0.004317146537446447,0.0017123554945529275,-0.007674807922989787,-0.0009594851519031068,0.011753574045571698,0.46718480138169255,-0.005059508516254585,-0.007311097184541174,-0.0012448009362385135,-0.002999467365813046,-0.004311629818728128,-0.004489501534694724,-0.01006826930189325,0.005578767767198525,-0.005019004135368912,-0.0038492040577185146,-0.0011698000776503973,0.010604791593629592,0.00012899424782046028,0.9001980978705909,0.00010014163096573717,0.968840388560224,0.06605544139481075,0.000287322995240891
-3.5,60,10,20,0.75,10422,2699,-0.004317146537446447,0.0017123554945529275,-0.007674807922989787,-0.0009594851519031068,0.011753574045571698,0.46718480138169255,-0.005059508516254585,-0.007311097184541174,-0.0012448009362385135,-0.002999467365813046,-0.004311629818728128,-0.004489501534694724,-0.01006826930189325,0.005578767767198525,-0.007887711061936063,-0.003125435214197289,-0.004762275847738773,0.010604791593629592,0.00012899424782046028,0.9001980978705909,0.00010014163096573717,0.968840388560224,0.06605544139481075,0.000287322995240891
-3.5,60,10,20,0.9,10422,2699,-0.004317146537446447,0.0017123554945529275,-0.007674807922989787,-0.0009594851519031068,0.011753574045571698,0.46718480138169255,-0.005059508516254585,-0.007311097184541174,-0.0012448009362385135,-0.002999467365813046,-0.004311629818728128,-0.004489501534694724,-0.01006826930189325,0.005578767767198525,-0.01768354663359233,-0.0028069317465747737,-0.014876614887017556,0.010604791593629592,0.00012899424782046028,0.9001980978705909,0.00010014163096573717,0.968840388560224,0.06605544139481075,0.000287322995240891
-3.5,60,10,60,0.6,10352,2672,-0.006677200871537439,0.002975250568181263,-0.012511228501588284,-0.0008431732414865929,0.02489801217798972,0.46821870170015456,-0.008530794662270524,-0.007394581230497494,0.0023862576575112153,-0.007608762685521102,0.00021418145502360812,-0.0033627046867259723,-0.016440421041001758,0.013077716354275785,-0.0009349436938208778,-0.010510305533982255,0.009575361840161377,0.025645549456222994,0.001623483989094759,0.1303638254750293,0.00543577130409776,0.1365843337025807,0.14645650117017292,5.281568174152162e-08
-3.5,60,10,60,0.75,10352,2672,-0.006677200871537439,0.002975250568181263,-0.012511228501588284,-0.0008431732414865929,0.02489801217798972,0.46821870170015456,-0.008530794662270524,-0.007394581230497494,0.0023862576575112153,-0.007608762685521102,0.00021418145502360812,-0.0033627046867259723,-0.016440421041001758,0.013077716354275785,-0.002134129687383172,-0.008204850340328177,0.006070720652945005,0.025645549456222994,0.001623483989094759,0.1303638254750293,0.00543577130409776,0.1365843337025807,0.14645650117017292,5.281568174152162e-08
-3.5,60,10,60,0.9,10352,2672,-0.006677200871537439,0.002975250568181263,-0.012511228501588284,-0.0008431732414865929,0.02489801217798972,0.46821870170015456,-0.008530794662270524,-0.007394581230497494,0.0023862576575112153,-0.007608762685521102,0.00021418145502360812,-0.0033627046867259723,-0.016440421041001758,0.013077716354275785,-0.008318814585670312,-0.006493859133704728,-0.0018249554519655835,0.025645549456222994,0.001623483989094759,0.1303638254750293,0.00543577130409776,0.1365843337025807,0.14645650117017292,5.281568174152162e-08
-3.5,60,20,5,0.6,9881,2668,-0.003439243529918601,0.0009947967565344768,-0.005389894601836716,-0.0014885924580004862,0.0005542972320059757,0.46553992510879466,-0.0028134735105054265,-0.00574673185614023,-0.0028545894984642007,-0.0021443158001965283,-0.0036024160559437013,-0.0034779906303598635,-0.006121444692396554,0.002643454062036691,-0.004732991619718364,-0.0025765265597805322,-0.002156465059937832,0.01247794646129885,-0.0002701668676509898,0.6205078423431651,-0.002127580535722568,0.15818885361131108,0.04368685048120012,0.0023023913165702748
-3.5,60,20,5,0.75,9881,2668,-0.003439243529918601,0.0009947967565344768,-0.005389894601836716,-0.0014885924580004862,0.0005542972320059757,0.46553992510879466,-0.0028134735105054265,-0.00574673185614023,-0.0028545894984642007,-0.0021443158001965283,-0.0036024160559437013,-0.0034779906303598635,-0.006121444692396554,0.002643454062036691,-0.006617908038532615,-0.0023306593339714517,-0.004287248704561163,0.01247794646129885,-0.0002701668676509898,0.6205078423431651,-0.002127580535722568,0.15818885361131108,0.04368685048120012,0.0023023913165702748
-3.5,60,20,5,0.9,9881,2668,-0.003439243529918601,0.0009947967565344768,-0.005389894601836716,-0.0014885924580004862,0.0005542972320059757,0.46553992510879466,-0.0028134735105054265,-0.00574673185614023,-0.0028545894984642007,-0.0021443158001965283,-0.0036024160559437013,-0.0034779906303598635,-0.006121444692396554,0.002643454062036691,-0.011707721078977894,-0.002477032268419213,-0.009230688810558682,0.01247794646129885,-0.0002701668676509898,0.6205078423431651,-0.002127580535722568,0.15818885361131108,0.04368685048120012,0.0023023913165702748
-3.5,60,20,10,0.6,9878,2666,-0.0031159088508803546,0.0011494444310072652,-0.005369802182066193,-0.0008620155196945164,0.006755235089172209,0.4761085239927111,-0.0023820694038704238,-0.004601078998375899,-0.0015279560770368862,-0.0025375114587624786,-0.0020635675396134204,-0.003154373322218474,-0.005764086799117819,0.0026097134768993447,-0.00368865818606211,-0.0027337859610958013,-0.0009548722249663089,0.0059386234769535085,-0.00013918034200611107,0.8616573095894366,0.0005449246264602845,0.7806751972299156,0.03565757480348643,0.0055966463035068735
-3.5,60,20,10,0.75,9878,2666,-0.0031159088508803546,0.0011494444310072652,-0.005369802182066193,-0.0008620155196945164,0.006755235089172209,0.4761085239927111,-0.0023820694038704238,-0.004601078998375899,-0.0015279560770368862,-0.0025375114587624786,-0.0020635675396134204,-0.003154373322218474,-0.005764086799117819,0.0026097134768993447,-0.004461278864527083,-0.002646508279411368,-0.0018147705851157148,0.0059386234769535085,-0.00013918034200611107,0.8616573095894366,0.0005449246264602845,0.7806751972299156,0.03565757480348643,0.0055966463035068735
-3.5,60,20,10,0.9,9878,2666,-0.0031159088508803546,0.0011494444310072652,-0.005369802182066193,-0.0008620155196945164,0.006755235089172209,0.4761085239927111,-0.0023820694038704238,-0.004601078998375899,-0.0015279560770368862,-0.0025375114587624786,-0.0020635675396134204,-0.003154373322218474,-0.005764086799117819,0.0026097134768993447,-0.012232989203288287,-0.00205458507567916,-0.010178404127609127,0.0059386234769535085,-0.00013918034200611107,0.8616573095894366,0.0005449246264602845,0.7806751972299156,0.03565757480348643,0.0055966463035068735
-3.5,60,20,20,0.6,9863,2659,-0.0035928610289654474,0.0015733229686822581,-0.006677922206836542,-0.0005077998510943523,0.02247283706358991,0.46963398560275776,-0.004710226739027545,-0.005301535975144954,-0.0015210579491633331,-0.002960320351992294,-0.00234121562315266,-0.0034793836993797195,-0.00872194900192971,0.00524256530254999,-0.003015939536141731,-0.003977767914052533,0.0009618283779108026,0.011037700257331085,-5.066514734317636e-05,0.9614413280661834,0.0005449534011109261,0.8319180041579592,0.0730503417415855,0.0003196109095528161
-3.5,60,20,20,0.75,9863,2659,-0.0035928610289654474,0.0015733229686822581,-0.006677922206836542,-0.0005077998510943523,0.02247283706358991,0.46963398560275776,-0.004710226739027545,-0.005301535975144954,-0.0015210579491633331,-0.002960320351992294,-0.00234121562315266,-0.0034793836993797195,-0.00872194900192971,0.00524256530254999,-0.004070512589669398,-0.003425865990979871,-0.0006446465986895268,0.011037700257331085,-5.066514734317636e-05,0.9614413280661834,0.0005449534011109261,0.8319180041579592,0.0730503417415855,0.0003196109095528161
-3.5,60,20,20,0.9,9863,2659,-0.0035928610289654474,0.0015733229686822581,-0.006677922206836542,-0.0005077998510943523,0.02247283706358991,0.46963398560275776,-0.004710226739027545,-0.005301535975144954,-0.0015210579491633331,-0.002960320351992294,-0.00234121562315266,-0.0034793836993797195,-0.00872194900192971,0.00524256530254999,-0.01709355887872213,-0.002018569306419383,-0.015074989572302749,0.011037700257331085,-5.066514734317636e-05,0.9614413280661834,0.0005449534011109261,0.8319180041579592,0.0730503417415855,0.0003196109095528161
-3.5,60,20,60,0.6,9797,2634,-0.006223894783804058,0.002927665818439104,-0.011964653297281214,-0.0004831362703269018,0.033605255190262036,0.4691232009798918,-0.008355309013620471,-0.006310564031665393,0.0019984979724036304,-0.0073709368414099545,0.0010603728097445617,-0.003223730580351986,-0.014992079211432223,0.011768348631080236,0.00029222449371978657,-0.010575739510689661,0.010867964004409448,0.023695911791146496,0.0015740266958075727,0.1524649103745175,0.006763024771869297,0.06871150294254443,0.14784858691271213,8.892775325297973e-07
-3.5,60,20,60,0.75,9797,2634,-0.006223894783804058,0.002927665818439104,-0.011964653297281214,-0.0004831362703269018,0.033605255190262036,0.4691232009798918,-0.008355309013620471,-0.006310564031665393,0.0019984979724036304,-0.0073709368414099545,0.0010603728097445617,-0.003223730580351986,-0.014992079211432223,0.011768348631080236,0.0026789525237351044,-0.009364846851017886,0.01204379937475299,0.023695911791146496,0.0015740266958075727,0.1524649103745175,0.006763024771869297,0.06871150294254443,0.14784858691271213,8.892775325297973e-07
-3.5,60,20,60,0.9,9797,2634,-0.006223894783804058,0.002927665818439104,-0.011964653297281214,-0.0004831362703269018,0.033605255190262036,0.4691232009798918,-0.008355309013620471,-0.006310564031665393,0.0019984979724036304,-0.0073709368414099545,0.0010603728097445617,-0.003223730580351986,-0.014992079211432223,0.011768348631080236,-0.017067092051163926,-0.004949970615287955,-0.012117121435875972,0.023695911791146496,0.0015740266958075727,0.1524649103745175,0.006763024771869297,0.06871150294254443,0.14784858691271213,8.892775325297973e-07
-3.5,60,40,5,0.6,9269,2576,-0.0029925030436539586,0.0009850445782880848,-0.004924062852116124,-0.0010609432351917935,0.0024059527530616324,0.46585392167439854,-0.0027337523894448434,-0.004406599089720397,-0.002596919070513958,-0.0021853636113332944,-0.0022212354783871023,-0.002661744390534587,-0.005679211850318035,0.0030174674597834477,-0.003477589557110978,-0.0026690538812913214,-0.0008085356758196567,0.016981551968043518,0.00010424669828403673,0.7724472077166743,-0.0015708474090404378,0.2639016194868642,0.05572024825737061,0.0001680158007278684
-3.5,60,40,5,0.75,9269,2576,-0.0029925030436539586,0.0009850445782880848,-0.004924062852116124,-0.0010609432351917935,0.0024059527530616324,0.46585392167439854,-0.0027337523894448434,-0.004406599089720397,-0.002596919070513958,-0.0021853636113332944,-0.0022212354783871023,-0.002661744390534587,-0.005679211850318035,0.0030174674597834477,-0.0050077429951506415,-0.002309208018204275,-0.0026985349769463665,0.016981551968043518,0.00010424669828403673,0.7724472077166743,-0.0015708474090404378,0.2639016194868642,0.05572024825737061,0.0001680158007278684
-3.5,60,40,5,0.9,9269,2576,-0.0029925030436539586,0.0009850445782880848,-0.004924062852116124,-0.0010609432351917935,0.0024059527530616324,0.46585392167439854,-0.0027337523894448434,-0.004406599089720397,-0.002596919070513958,-0.0021853636113332944,-0.0022212354783871023,-0.002661744390534587,-0.005679211850318035,0.0030174674597834477,-0.009048281706556742,-0.002319558087946589,-0.006728723618610153,0.016981551968043518,0.00010424669828403673,0.7724472077166743,-0.0015708474090404378,0.2639016194868642,0.05572024825737061,0.0001680158007278684
-3.5,60,40,10,0.6,9266,2574,-0.0023801314980088145,0.001073874302543453,-0.004485877010507136,-0.0002743859855104925,0.026751504564512633,0.4787394776602633,-0.0021809321908385915,-0.0031179543281577913,-0.0007930285743496199,-0.002228789805690892,-0.0008891645224668992,-0.0020781948732695676,-0.0054031764378319495,0.003324981564562382,-0.002053484503281306,-0.002598052882760452,0.0005445683794791461,0.008844696293390353,0.00045934382365587026,0.2759591465682597,0.0012274433435587552,0.47266187889954614,0.04903555460376819,0.0003274518641012155
-3.5,60,40,10,0.75,9266,2574,-0.0023801314980088145,0.001073874302543453,-0.004485877010507136,-0.0002743859855104925,0.026751504564512633,0.4787394776602633,-0.0021809321908385915,-0.0031179543281577913,-0.0007930285743496199,-0.002228789805690892,-0.0008891645224668992,-0.0020781948732695676,-0.0054031764378319495,0.003324981564562382,-0.002716753415013849,-0.002265945685144121,-0.00045080772986972814,0.008844696293390353,0.00045934382365587026,0.2759591465682597,0.0012274433435587552,0.47266187889954614,0.04903555460376819,0.0003274518641012155
-3.5,60,40,10,0.9,9266,2574,-0.0023801314980088145,0.001073874302543453,-0.004485877010507136,-0.0002743859855104925,0.026751504564512633,0.4787394776602633,-0.0021809321908385915,-0.0031179543281577913,-0.0007930285743496199,-0.002228789805690892,-0.0008891645224668992,-0.0020781948732695676,-0.0054031764378319495,0.003324981564562382,-0.008359718828136195,-0.0017154142111605012,-0.006644304616975695,0.008844696293390353,0.00045934382365587026,0.2759591465682597,0.0012274433435587552,0.47266187889954614,0.04903555460376819,0.0003274518641012155
-3.5,60,40,20,0.6,9251,2567,-0.003019945761392011,0.0015363844401267356,-0.006032624979226283,-7.266543557739313e-06,0.04945037794830931,0.4718408820668036,-0.004464768424383481,-0.003925571208590139,-0.0006495781698914886,-0.0028972878406126504,-0.0010282833679774888,-0.0025382648426195776,-0.00821405273893489,0.005675787896315313,-0.0013034866524157247,-0.004168174225415838,0.0028646875730001134,0.015679573913657485,0.0007358771724752638,0.17945197141929914,0.0013399275919635998,0.5558697759452043,0.08648257192509227,7.196169333844858e-05
-3.5,60,40,20,0.75,9251,2567,-0.003019945761392011,0.0015363844401267356,-0.006032624979226283,-7.266543557739313e-06,0.04945037794830931,0.4718408820668036,-0.004464768424383481,-0.003925571208590139,-0.0006495781698914886,-0.0028972878406126504,-0.0010282833679774888,-0.0025382648426195776,-0.00821405273893489,0.005675787896315313,-0.0021291217579412084,-0.003322779471719218,0.0011936577137780097,0.015679573913657485,0.0007358771724752638,0.17945197141929914,0.0013399275919635998,0.5558697759452043,0.08648257192509227,7.196169333844858e-05
-3.5,60,40,20,0.9,9251,2567,-0.003019945761392011,0.0015363844401267356,-0.006032624979226283,-7.266543557739313e-06,0.04945037794830931,0.4718408820668036,-0.004464768424383481,-0.003925571208590139,-0.0006495781698914886,-0.0028972878406126504,-0.0010282833679774888,-0.0025382648426195776,-0.00821405273893489,0.005675787896315313,-0.01378753348885331,-0.001820816277567333,-0.011966717211285977,0.015679573913657485,0.0007358771724752638,0.17945197141929914,0.0013399275919635998,0.5558697759452043,0.08648257192509227,7.196169333844858e-05
-3.5,60,40,60,0.6,9190,2543,-0.006356865978675824,0.002922412955162587,-0.012087418679810415,-0.000626313277541232,0.029706154302893747,0.46855277475516866,-0.008447242282109468,-0.0057785223615464875,0.0025335689118713397,-0.008005945791123327,0.0022274234295768395,-0.002784965120951021,-0.015063361058409663,0.012278395937458643,0.0011054865653288735,-0.011361159477100357,0.01246664604242923,0.02722919290167969,0.0022586653899546207,0.007915163522953024,0.006902896077047506,0.05983150865814764,0.1556965229088,7.878768777632816e-07
-3.5,60,40,60,0.75,9190,2543,-0.006356865978675824,0.002922412955162587,-0.012087418679810415,-0.000626313277541232,0.029706154302893747,0.46855277475516866,-0.008447242282109468,-0.0057785223615464875,0.0025335689118713397,-0.008005945791123327,0.0022274234295768395,-0.002784965120951021,-0.015063361058409663,0.012278395937458643,0.0033435421761394326,-0.009683894758355996,0.013027436934495429,0.02722919290167969,0.0022586653899546207,0.007915163522953024,0.006902896077047506,0.05983150865814764,0.1556965229088,7.878768777632816e-07
-3.5,60,40,60,0.9,9190,2543,-0.006356865978675824,0.002922412955162587,-0.012087418679810415,-0.000626313277541232,0.029706154302893747,0.46855277475516866,-0.008447242282109468,-0.0057785223615464875,0.0025335689118713397,-0.008005945791123327,0.0022274234295768395,-0.002784965120951021,-0.015063361058409663,0.012278395937458643,-0.017629453913182963,-0.00509677993325064,-0.012532673979932324,0.02722919290167969,0.0022586653899546207,0.007915163522953024,0.006902896077047506,0.05983150865814764,0.1556965229088,7.878768777632816e-07
-3.5,120,5,5,0.6,10359,2607,-0.0032743289872986096,0.0015486476726589726,-0.00631103304577328,-0.00023762492882393972,0.03458310560749157,0.46838497924510086,-0.0028724986674250053,-0.00505109650414963,-0.0034436804118857115,-0.0017495961482294968,-0.003301500355920133,-0.002074127897745161,-0.004559130417556556,0.002485002519811395,-0.005190116845013306,-0.001993331017360835,-0.0031967858276524706,0.033092317248491376,0.00045514648638836857,0.5297946559044394,-0.002735576421276464,0.11216208450420503,0.06427068858602146,4.460163417898474e-09
-3.5,120,5,5,0.75,10359,2607,-0.0032743289872986096,0.0015486476726589726,-0.00631103304577328,-0.00023762492882393972,0.03458310560749157,0.46838497924510086,-0.0028724986674250053,-0.00505109650414963,-0.0034436804118857115,-0.0017495961482294968,-0.003301500355920133,-0.002074127897745161,-0.004559130417556556,0.002485002519811395,-0.0084493504815762,-0.0015490997853190814,-0.006900250696257119,0.033092317248491376,0.00045514648638836857,0.5297946559044394,-0.002735576421276464,0.11216208450420503,0.06427068858602146,4.460163417898474e-09
-3.5,120,5,5,0.9,10359,2607,-0.0032743289872986096,0.0015486476726589726,-0.00631103304577328,-0.00023762492882393972,0.03458310560749157,0.46838497924510086,-0.0028724986674250053,-0.00505109650414963,-0.0034436804118857115,-0.0017495961482294968,-0.003301500355920133,-0.002074127897745161,-0.004559130417556556,0.002485002519811395,-0.008590387861423365,-0.0026143646517588683,-0.005976023209664496,0.033092317248491376,0.00045514648638836857,0.5297946559044394,-0.002735576421276464,0.11216208450420503,0.06427068858602146,4.460163417898474e-09
-3.5,120,5,10,0.6,10355,2604,-0.002794980331380231,0.0018249720675287083,-0.00637352382436665,0.0007835631616061886,0.1257625643805434,0.4790922259777885,-0.002322774473080824,-0.004159194325112434,-0.001342283640383751,-0.0019605218155419268,-0.0021986725095705074,-7.228905673992024e-05,-0.006008786152175384,0.005936497095435463,-0.0038197067748669705,-0.002111554437084423,-0.0017081523377825473,0.02404387919914497,3.265500017091223e-05,0.9736784034914939,0.0010542439284493396,0.6243834848101436,0.06712726047671941,2.5062608804398574e-08
-3.5,120,5,10,0.75,10355,2604,-0.002794980331380231,0.0018249720675287083,-0.00637352382436665,0.0007835631616061886,0.1257625643805434,0.4790922259777885,-0.002322774473080824,-0.004159194325112434,-0.001342283640383751,-0.0019605218155419268,-0.0021986725095705074,-7.228905673992024e-05,-0.006008786152175384,0.005936497095435463,-0.006886043739442952,-0.0014304144296567994,-0.0054556293097861525,0.02404387919914497,3.265500017091223e-05,0.9736784034914939,0.0010542439284493396,0.6243834848101436,0.06712726047671941,2.5062608804398574e-08
-3.5,120,5,10,0.9,10355,2604,-0.002794980331380231,0.0018249720675287083,-0.00637352382436665,0.0007835631616061886,0.1257625643805434,0.4790922259777885,-0.002322774473080824,-0.004159194325112434,-0.001342283640383751,-0.0019605218155419268,-0.0021986725095705074,-7.228905673992024e-05,-0.006008786152175384,0.005936497095435463,-0.002744659089451081,-0.0028012301957561886,5.6571106305107564e-05,0.02404387919914497,3.265500017091223e-05,0.9736784034914939,0.0010542439284493396,0.6243834848101436,0.06712726047671941,2.5062608804398574e-08
-3.5,120,5,20,0.6,10342,2597,-0.0035925807742140255,0.00210867616540567,-0.007727437942919144,0.0005422763944910934,0.08855424142693916,0.47176561593502225,-0.00474489935288247,-0.005632740622786034,-0.0011719370678775255,-0.0023758311562423755,-0.003256909466543659,4.941878025286216e-05,-0.00835181231574967,0.008401231096002531,-0.005893447854985195,-0.0020585457841817414,-0.0038349020708034537,0.023756049069611485,-5.029571161983037e-05,0.9691740056488694,0.0007987663879361561,0.7663084932319034,0.08558068750444155,4.462555306322949e-09
-3.5,120,5,20,0.75,10342,2597,-0.0035925807742140255,0.00210867616540567,-0.007727437942919144,0.0005422763944910934,0.08855424142693916,0.47176561593502225,-0.00474489935288247,-0.005632740622786034,-0.0011719370678775255,-0.0023758311562423755,-0.003256909466543659,4.941878025286216e-05,-0.00835181231574967,0.008401231096002531,-0.009619801542546413,-0.0015809161690496956,-0.008038885373496717,0.023756049069611485,-5.029571161983037e-05,0.9691740056488694,0.0007987663879361561,0.7663084932319034,0.08558068750444155,4.462555306322949e-09
-3.5,120,5,20,0.9,10342,2597,-0.0035925807742140255,0.00210867616540567,-0.007727437942919144,0.0005422763944910934,0.08855424142693916,0.47176561593502225,-0.00474489935288247,-0.005632740622786034,-0.0011719370678775255,-0.0023758311562423755,-0.003256909466543659,4.941878025286216e-05,-0.00835181231574967,0.008401231096002531,0.00013552486298589478,-0.004056263406194533,0.004191788269180428,0.023756049069611485,-5.029571161983037e-05,0.9691740056488694,0.0007987663879361561,0.7663084932319034,0.08558068750444155,4.462555306322949e-09
-3.5,120,5,60,0.6,10284,2571,-0.003794524687945619,0.0034344741411921936,-0.010529142013797278,0.0029400926379060392,0.2693348367597332,0.47102294826915597,-0.007784199838851591,-0.00011057667158642783,0.002743582384644849,-0.007593089250340116,0.0074825125787536875,0.003499918433911638,-0.011762257912748346,0.015262176346659984,0.0034703474075686784,-0.008638557718893077,0.012108905126461756,0.05029716470760215,0.0008584782529530835,0.4901854165765672,0.005682607100887928,0.13133189204690426,0.13722582709100062,6.313055821188775e-11
-3.5,120,5,60,0.75,10284,2571,-0.003794524687945619,0.0034344741411921936,-0.010529142013797278,0.0029400926379060392,0.2693348367597332,0.47102294826915597,-0.007784199838851591,-0.00011057667158642783,0.002743582384644849,-0.007593089250340116,0.0074825125787536875,0.003499918433911638,-0.011762257912748346,0.015262176346659984,0.0012901161953717164,-0.005501732985565481,0.0067918491809371975,0.05029716470760215,0.0008584782529530835,0.4901854165765672,0.005682607100887928,0.13133189204690426,0.13722582709100062,6.313055821188775e-11
-3.5,120,5,60,0.9,10284,2571,-0.003794524687945619,0.0034344741411921936,-0.010529142013797278,0.0029400926379060392,0.2693348367597332,0.47102294826915597,-0.007784199838851591,-0.00011057667158642783,0.002743582384644849,-0.007593089250340116,0.0074825125787536875,0.003499918433911638,-0.011762257912748346,0.015262176346659984,0.03630994580063471,-0.008814165195487835,0.04512411099612254,0.05029716470760215,0.0008584782529530835,0.4901854165765672,0.005682607100887928,0.13133189204690426,0.13722582709100062,6.313055821188775e-11
-3.5,120,10,5,0.6,9659,2583,-0.0035598112313926025,0.0013513536997494596,-0.006209657972550968,-0.000909964490234237,0.00848255296833298,0.46723263277772026,-0.002920767781685374,-0.005990500520583195,-0.002225677021094942,-0.001957630544767357,-0.0040328699758158375,-0.002690658100199766,-0.004758294394435762,0.0020676362942359965,-0.00565935046792035,-0.002150188072069596,-0.003509162395850754,0.022688290119756704,9.118780730397181e-05,0.9009469485365553,-0.0028781467074898573,0.08594726161786687,0.05319712672979548,2.8892187771466e-06
-3.5,120,10,5,0.75,9659,2583,-0.0035598112313926025,0.0013513536997494596,-0.006209657972550968,-0.000909964490234237,0.00848255296833298,0.46723263277772026,-0.002920767781685374,-0.005990500520583195,-0.002225677021094942,-0.001957630544767357,-0.0040328699758158375,-0.002690658100199766,-0.004758294394435762,0.0020676362942359965,-0.009779715686726411,-0.0014862235367996772,-0.008293492149926734,0.022688290119756704,9.118780730397181e-05,0.9009469485365553,-0.0028781467074898573,0.08594726161786687,0.05319712672979548,2.8892187771466e-06
-3.5,120,10,5,0.9,9659,2583,-0.0035598112313926025,0.0013513536997494596,-0.006209657972550968,-0.000909964490234237,0.00848255296833298,0.46723263277772026,-0.002920767781685374,-0.005990500520583195,-0.002225677021094942,-0.001957630544767357,-0.0040328699758158375,-0.002690658100199766,-0.004758294394435762,0.0020676362942359965,-0.013731987554638225,-0.0023337217650524393,-0.011398265789585787,0.022688290119756704,9.118780730397181e-05,0.9009469485365553,-0.0028781467074898573,0.08594726161786687,0.05319712672979548,2.8892187771466e-06
-3.5,120,10,10,0.6,9655,2580,-0.0032452472317796672,0.0014887110214943336,-0.0061644372274428615,-0.00032605723611647255,0.029354723410602104,0.476954945624029,-0.0024327872199860767,-0.005013285051439106,-0.0016356891339462678,-0.002266621371340467,-0.0027466636800986387,-0.0012707759807781911,-0.0059104830518050995,0.004639707071026908,-0.00420168962423346,-0.0026026504382349555,-0.0015990391859985044,0.014026884545349283,0.00016438467687396704,0.8762025467260615,-0.00032551120224042526,0.8818041253230047,0.05250991381594522,6.728995507740715e-07
-3.5,120,10,10,0.75,9655,2580,-0.0032452472317796672,0.0014887110214943336,-0.0061644372274428615,-0.00032605723611647255,0.029354723410602104,0.476954945624029,-0.0024327872199860767,-0.005013285051439106,-0.0016356891339462678,-0.002266621371340467,-0.0027466636800986387,-0.0012707759807781911,-0.0059104830518050995,0.004639707071026908,-0.00734287768068912,-0.0018791817845116908,-0.005463695896177429,0.014026884545349283,0.00016438467687396704,0.8762025467260615,-0.00032551120224042526,0.8818041253230047,0.05250991381594522,6.728995507740715e-07
-3.5,120,10,10,0.9,9655,2580,-0.0032452472317796672,0.0014887110214943336,-0.0061644372274428615,-0.00032605723611647255,0.029354723410602104,0.476954945624029,-0.0024327872199860767,-0.005013285051439106,-0.0016356891339462678,-0.002266621371340467,-0.0027466636800986387,-0.0012707759807781911,-0.0059104830518050995,0.004639707071026908,-0.009421924167977146,-0.002500404226126327,-0.006921519941850819,0.014026884545349283,0.00016438467687396704,0.8762025467260615,-0.00032551120224042526,0.8818041253230047,0.05250991381594522,6.728995507740715e-07
-3.5,120,10,20,0.6,9643,2574,-0.004079876144596286,0.0018323128286165237,-0.007672833446222587,-0.00048691884296998443,0.02605850758597906,0.4700819247122265,-0.004764503689824284,-0.006822737086658687,-0.0008051844381454631,-0.0026681206403915323,-0.004154616446267155,-0.0016758362565516313,-0.009261161758241189,0.0075853255016895575,-0.005253384242591375,-0.003297605018781034,-0.001955779223810341,0.014782805237170571,0.00024697208165483776,0.8597585235894694,0.0003022661552796588,0.915246518439142,0.07064354334666802,3.161189023625277e-05
-3.5,120,10,20,0.75,9643,2574,-0.004079876144596286,0.0018323128286165237,-0.007672833446222587,-0.00048691884296998443,0.02605850758597906,0.4700819247122265,-0.004764503689824284,-0.006822737086658687,-0.0008051844381454631,-0.0026681206403915323,-0.004154616446267155,-0.0016758362565516313,-0.009261161758241189,0.0075853255016895575,-0.008663562787488031,-0.002550078652300606,-0.006113484135187425,0.014782805237170571,0.00024697208165483776,0.8597585235894694,0.0003022661552796588,0.915246518439142,0.07064354334666802,3.161189023625277e-05
-3.5,120,10,20,0.9,9643,2574,-0.004079876144596286,0.0018323128286165237,-0.007672833446222587,-0.00048691884296998443,0.02605850758597906,0.4700819247122265,-0.004764503689824284,-0.006822737086658687,-0.0008051844381454631,-0.0026681206403915323,-0.004154616446267155,-0.0016758362565516313,-0.009261161758241189,0.0075853255016895575,-0.011452658507595347,-0.0031895552618491896,-0.008263103245746157,0.014782805237170571,0.00024697208165483776,0.8597585235894694,0.0003022661552796588,0.915246518439142,0.07064354334666802,3.161189023625277e-05
-3.5,120,10,60,0.6,9585,2548,-0.006094556079580878,0.003245086046207951,-0.012457831736599206,0.0002687195774374509,0.06048333245934057,0.46739697443922795,-0.008663071483734908,-0.005450563433578898,0.0037951228563092797,-0.007838750128664676,0.0023881866950857785,-0.00020845577641685878,-0.013425073730353511,0.013216617953936652,7.613684739049189e-05,-0.010217300623027292,0.010293437470417784,0.02950847895715747,0.0012561617102625168,0.34409695448341093,0.00351539489645154,0.34295357957271344,0.12390265141249708,1.4603350593501815e-09
-3.5,120,10,60,0.75,9585,2548,-0.006094556079580878,0.003245086046207951,-0.012457831736599206,0.0002687195774374509,0.06048333245934057,0.46739697443922795,-0.008663071483734908,-0.005450563433578898,0.0037951228563092797,-0.007838750128664676,0.0023881866950857785,-0.00020845577641685878,-0.013425073730353511,0.013216617953936652,-0.0008179206829243158,-0.007855147658985697,0.007037226976061382,0.02950847895715747,0.0012561617102625168,0.34409695448341093,0.00351539489645154,0.34295357957271344,0.12390265141249708,1.4603350593501815e-09
-3.5,120,10,60,0.9,9585,2548,-0.006094556079580878,0.003245086046207951,-0.012457831736599206,0.0002687195774374509,0.06048333245934057,0.46739697443922795,-0.008663071483734908,-0.005450563433578898,0.0037951228563092797,-0.007838750128664676,0.0023881866950857785,-0.00020845577641685878,-0.013425073730353511,0.013216617953936652,0.0010511128564759608,-0.00696330754512769,0.008014420401603651,0.02950847895715747,0.0012561617102625168,0.34409695448341093,0.00351539489645154,0.34295357957271344,0.12390265141249708,1.4603350593501815e-09
-3.5,120,20,5,0.6,9009,2540,-0.0028204213831555776,0.0011002759108412164,-0.004977951047351509,-0.0006628917189596454,0.010423080481909586,0.46886446886446886,-0.0028165450249917345,-0.003691418001549702,-0.002242083374008863,-0.0022787193269626148,-0.0014126986745870871,-0.00214609873803413,-0.005015376412657556,0.002869277674623426,-0.003418693794200675,-0.002421499316660383,-0.0009971944775402919,0.015063550844828133,-6.963764439409109e-05,0.9249139726057857,-0.0009370141635375751,0.5657786366638915,0.04851134289848049,7.205105002984987e-05
-3.5,120,20,5,0.75,9009,2540,-0.0028204213831555776,0.0011002759108412164,-0.004977951047351509,-0.0006628917189596454,0.010423080481909586,0.46886446886446886,-0.0028165450249917345,-0.003691418001549702,-0.002242083374008863,-0.0022787193269626148,-0.0014126986745870871,-0.00214609873803413,-0.005015376412657556,0.002869277674623426,-0.005592119242069402,-0.001895564688264126,-0.0036965545538052763,0.015063550844828133,-6.963764439409109e-05,0.9249139726057857,-0.0009370141635375751,0.5657786366638915,0.04851134289848049,7.205105002984987e-05
-3.5,120,20,5,0.9,9009,2540,-0.0028204213831555776,0.0011002759108412164,-0.004977951047351509,-0.0006628917189596454,0.010423080481909586,0.46886446886446886,-0.0028165450249917345,-0.003691418001549702,-0.002242083374008863,-0.0022787193269626148,-0.0014126986745870871,-0.00214609873803413,-0.005015376412657556,0.002869277674623426,-0.008451556971308442,-0.002189255957400387,-0.006262301013908055,0.015063550844828133,-6.963764439409109e-05,0.9249139726057857,-0.0009370141635375751,0.5657786366638915,0.04851134289848049,7.205105002984987e-05
-3.5,120,20,10,0.6,9005,2537,-0.0028621968562343968,0.001278665776053079,-0.0053695323997193295,-0.00035486131274946407,0.02527983337677353,0.4788450860632982,-0.0021929073987019265,-0.0035725235688266067,-0.0014628296386720175,-0.0026605526822559393,-0.0009119708865706674,-0.0015710588423504626,-0.006324659458323174,0.004753600615972712,-0.002826579277460328,-0.002885963890839423,5.9384613379095345e-05,0.006565047513016342,0.00014908181317383888,0.891458944498787,0.0018952586093656883,0.3879365525548576,0.03851292197976838,0.00023897919848427391
-3.5,120,20,10,0.75,9005,2537,-0.0028621968562343968,0.001278665776053079,-0.0053695323997193295,-0.00035486131274946407,0.02527983337677353,0.4788450860632982,-0.0021929073987019265,-0.0035725235688266067,-0.0014628296386720175,-0.0026605526822559393,-0.0009119708865706674,-0.0015710588423504626,-0.006324659458323174,0.004753600615972712,-0.004770947418136307,-0.002224909970361651,-0.002546037447774656,0.006565047513016342,0.00014908181317383888,0.891458944498787,0.0018952586093656883,0.3879365525548576,0.03851292197976838,0.00023897919848427391
-3.5,120,20,10,0.9,9005,2537,-0.0028621968562343968,0.001278665776053079,-0.0053695323997193295,-0.00035486131274946407,0.02527983337677353,0.4788450860632982,-0.0021929073987019265,-0.0035725235688266067,-0.0014628296386720175,-0.0026605526822559393,-0.0009119708865706674,-0.0015710588423504626,-0.006324659458323174,0.004753600615972712,-0.006406081019450523,-0.0024647846269889675,-0.003941296392461555,0.006565047513016342,0.00014908181317383888,0.891458944498787,0.0018952586093656883,0.3879365525548576,0.03851292197976838,0.00023897919848427391
-3.5,120,20,20,0.6,8993,2531,-0.003298055781457006,0.001743649397370162,-0.00671718151549867,0.00012106995258465755,0.058676116064260854,0.47136661848104083,-0.004623236363845429,-0.004565325772738613,-0.0007326119321327067,-0.0029241301632330404,-0.0016411956095055726,-0.0008395075159277435,-0.009122246701485934,0.008282739185558191,-0.003510619281377519,-0.00315635991244031,-0.0003542593689372089,0.015531810389501022,4.424032369533735e-05,0.9754433679623236,0.0012603347600655041,0.657728478361695,0.07937816632497106,8.943050325046752e-05
-3.5,120,20,20,0.75,8993,2531,-0.003298055781457006,0.001743649397370162,-0.00671718151549867,0.00012106995258465755,0.058676116064260854,0.47136661848104083,-0.004623236363845429,-0.004565325772738613,-0.0007326119321327067,-0.0029241301632330404,-0.0016411956095055726,-0.0008395075159277435,-0.009122246701485934,0.008282739185558191,-0.005485538910500934,-0.0025677050660197634,-0.0029178338444811706,0.015531810389501022,4.424032369533735e-05,0.9754433679623236,0.0012603347600655041,0.657728478361695,0.07937816632497106,8.943050325046752e-05
-3.5,120,20,20,0.9,8993,2531,-0.003298055781457006,0.001743649397370162,-0.00671718151549867,0.00012106995258465755,0.058676116064260854,0.47136661848104083,-0.004623236363845429,-0.004565325772738613,-0.0007326119321327067,-0.0029241301632330404,-0.0016411956095055726,-0.0008395075159277435,-0.009122246701485934,0.008282739185558191,-0.006478964135557428,-0.0029408183311758446,-0.003538145804381584,0.015531810389501022,4.424032369533735e-05,0.9754433679623236,0.0012603347600655041,0.657728478361695,0.07937816632497106,8.943050325046752e-05
-3.5,120,20,60,0.6,8937,2506,-0.006597296117960289,0.0031691493431244334,-0.012811717348371849,-0.0003828748875487299,0.03746893306123795,0.4669352131587781,-0.008799841274254816,-0.006232136567421961,0.004684297362526966,-0.008304831351893771,0.0020726947844718104,-0.0012380590483277787,-0.01437776682605099,0.013139707777723211,-0.0006705168869964602,-0.010548850715255272,0.009878333828258812,0.019290708205059515,0.0009774577913945078,0.47264078978154633,0.005483099753397374,0.14600216208329483,0.11270676757394626,2.6996826682477673e-06
-3.5,120,20,60,0.75,8937,2506,-0.006597296117960289,0.0031691493431244334,-0.012811717348371849,-0.0003828748875487299,0.03746893306123795,0.4669352131587781,-0.008799841274254816,-0.006232136567421961,0.004684297362526966,-0.008304831351893771,0.0020726947844718104,-0.0012380590483277787,-0.01437776682605099,0.013139707777723211,-0.0010445377223794075,-0.008456785934673113,0.007412248212293705,0.019290708205059515,0.0009774577913945078,0.47264078978154633,0.005483099753397374,0.14600216208329483,0.11270676757394626,2.6996826682477673e-06
-3.5,120,20,60,0.9,8937,2506,-0.006597296117960289,0.0031691493431244334,-0.012811717348371849,-0.0003828748875487299,0.03746893306123795,0.4669352131587781,-0.008799841274254816,-0.006232136567421961,0.004684297362526966,-0.008304831351893771,0.0020726947844718104,-0.0012380590483277787,-0.01437776682605099,0.013139707777723211,0.0020671807389056646,-0.007562769474974578,0.009629950213880243,0.019290708205059515,0.0009774577913945078,0.47264078978154633,0.005483099753397374,0.14600216208329483,0.11270676757394626,2.6996826682477673e-06
-3.5,120,40,5,0.6,8365,2443,-0.00267871008080907,0.0011062191941367426,-0.004847935016354678,-0.0005094851452634615,0.015529008720892447,0.4673042438732815,-0.0028996672446754967,-0.0030384117305168575,-0.002698076962690153,-0.002371333753244289,-0.0006670779772725683,-0.0017803555044246578,-0.0048831308717758115,0.0031027753673511537,-0.002901912259154979,-0.0025298344947341875,-0.0003720777644207916,0.020763374497744902,0.0005179967020381543,0.2265795361512707,1.6884950391957186e-05,0.9904126714860761,0.05748026289945611,3.421566703879681e-05
-3.5,120,40,5,0.75,8365,2443,-0.00267871008080907,0.0011062191941367426,-0.004847935016354678,-0.0005094851452634615,0.015529008720892447,0.4673042438732815,-0.0028996672446754967,-0.0030384117305168575,-0.002698076962690153,-0.002371333753244289,-0.0006670779772725683,-0.0017803555044246578,-0.0048831308717758115,0.0031027753673511537,-0.005126415376747214,-0.0018618977108475683,-0.0032645176658996455,0.020763374497744902,0.0005179967020381543,0.2265795361512707,1.6884950391957186e-05,0.9904126714860761,0.05748026289945611,3.421566703879681e-05
-3.5,120,40,5,0.9,8365,2443,-0.00267871008080907,0.0011062191941367426,-0.004847935016354678,-0.0005094851452634615,0.015529008720892447,0.4673042438732815,-0.0028996672446754967,-0.0030384117305168575,-0.002698076962690153,-0.002371333753244289,-0.0006670779772725683,-0.0017803555044246578,-0.0048831308717758115,0.0031027753673511537,-0.007876127502322422,-0.002060665125254579,-0.005815462377067843,0.020763374497744902,0.0005179967020381543,0.2265795361512707,1.6884950391957186e-05,0.9904126714860761,0.05748026289945611,3.421566703879681e-05
-3.5,120,40,10,0.6,8361,2440,-0.0026865983069987607,0.001247769651738297,-0.005133396109494445,-0.00023980050450307698,0.031406981524579866,0.47697643822509267,-0.0023682246542966467,-0.00348244985567569,-0.0005593109577106359,-0.0025452379364097177,-0.0009372119192659722,-0.0005960714245064626,-0.006242657303104602,0.0056465858785981395,-0.002601015769198692,-0.0027437272966311568,0.00014271152743246468,0.013409026259583512,0.0008604794023816761,0.07799478820546457,0.002941794855746933,0.09595481680209568,0.05587100548011563,5.427736050052278e-05
-3.5,120,40,10,0.75,8361,2440,-0.0026865983069987607,0.001247769651738297,-0.005133396109494445,-0.00023980050450307698,0.031406981524579866,0.47697643822509267,-0.0023682246542966467,-0.00348244985567569,-0.0005593109577106359,-0.0025452379364097177,-0.0009372119192659722,-0.0005960714245064626,-0.006242657303104602,0.0056465858785981395,-0.004631103527184748,-0.002037292399875393,-0.0025938111273093555,0.013409026259583512,0.0008604794023816761,0.07799478820546457,0.002941794855746933,0.09595481680209568,0.05587100548011563,5.427736050052278e-05
-3.5,120,40,10,0.9,8361,2440,-0.0026865983069987607,0.001247769651738297,-0.005133396109494445,-0.00023980050450307698,0.031406981524579866,0.47697643822509267,-0.0023682246542966467,-0.00348244985567569,-0.0005593109577106359,-0.0025452379364097177,-0.0009372119192659722,-0.0005960714245064626,-0.006242657303104602,0.0056465858785981395,-0.008519303958874132,-0.001992637476629756,-0.006526666482244376,0.013409026259583512,0.0008604794023816761,0.07799478820546457,0.002941794855746933,0.09595481680209568,0.05587100548011563,5.427736050052278e-05
-3.5,120,40,20,0.6,8349,2434,-0.003370035801094666,0.0016854694024612219,-0.006675139330249744,-6.493227193958692e-05,0.04566916580809279,0.4689184333453108,-0.00492617355458802,-0.0045641704224349666,-0.00017426348576362607,-0.003153256218332953,-0.0014109142041020136,-0.00026872159935281074,-0.009418388937396464,0.009149667338043654,-0.0029882277086589965,-0.0036247524218669448,0.0006365247132079483,0.021328264473414182,0.0009009045324550278,0.14113091504089317,0.0022775620800589568,0.3140668989682128,0.09451257096927668,2.3917317445710165e-05
-3.5,120,40,20,0.75,8349,2434,-0.003370035801094666,0.0016854694024612219,-0.006675139330249744,-6.493227193958692e-05,0.04566916580809279,0.4689184333453108,-0.00492617355458802,-0.0045641704224349666,-0.00017426348576362607,-0.003153256218332953,-0.0014109142041020136,-0.00026872159935281074,-0.009418388937396464,0.009149667338043654,-0.005888841168343211,-0.0025273472407284256,-0.003361493927614785,0.021328264473414182,0.0009009045324550278,0.14113091504089317,0.0022775620800589568,0.3140668989682128,0.09451257096927668,2.3917317445710165e-05
-3.5,120,40,20,0.9,8349,2434,-0.003370035801094666,0.0016854694024612219,-0.006675139330249744,-6.493227193958692e-05,0.04566916580809279,0.4689184333453108,-0.00492617355458802,-0.0045641704224349666,-0.00017426348576362607,-0.003153256218332953,-0.0014109142041020136,-0.00026872159935281074,-0.009418388937396464,0.009149667338043654,-0.012845085828618211,-0.002240904504249032,-0.01060418132436918,0.021328264473414182,0.0009009045324550278,0.14113091504089317,0.0022775620800589568,0.3140668989682128,0.09451257096927668,2.3917317445710165e-05
-3.5,120,40,60,0.6,8294,2409,-0.007111997857979616,0.0030925122462731975,-0.01317625861532835,-0.001047737100630882,0.02154768760065316,0.4643115505184471,-0.009364571561557122,-0.0064425721705389325,0.0060283272924262,-0.009285879189522516,0.0028433070189835836,-0.0024738168942649436,-0.015014804972773682,0.012540988078508739,-0.0009358124009295965,-0.011232351532743238,0.010296539131813642,0.01942970193761362,0.001920595661565147,0.034981141957585074,0.006415992209901779,0.07835201764321494,0.1198566554063166,4.956107025202733e-06
-3.5,120,40,60,0.75,8294,2409,-0.007111997857979616,0.0030925122462731975,-0.01317625861532835,-0.001047737100630882,0.02154768760065316,0.4643115505184471,-0.009364571561557122,-0.0064425721705389325,0.0060283272924262,-0.009285879189522516,0.0028433070189835836,-0.0024738168942649436,-0.015014804972773682,0.012540988078508739,-0.002887124425455022,-0.008520741828888938,0.005633617403433917,0.01942970193761362,0.001920595661565147,0.034981141957585074,0.006415992209901779,0.07835201764321494,0.1198566554063166,4.956107025202733e-06
-3.5,120,40,60,0.9,8294,2409,-0.007111997857979616,0.0030925122462731975,-0.01317625861532835,-0.001047737100630882,0.02154768760065316,0.4643115505184471,-0.009364571561557122,-0.0064425721705389325,0.0060283272924262,-0.009285879189522516,0.0028433070189835836,-0.0024738168942649436,-0.015014804972773682,0.012540988078508739,-0.01259820197074276,-0.006453357013111765,-0.006144844957630995,0.01942970193761362,0.001920595661565147,0.034981141957585074,0.006415992209901779,0.07835201764321494,0.1198566554063166,4.956107025202733e-06
-4.0,40,5,5,0.6,7920,2407,-0.0045799360594305305,0.0014923446913279639,-0.00750635005895536,-0.0016535220599057008,0.0021720632498391994,0.45795454545454545,-0.003461694399252313,-0.008929934528635372,-0.0032680437265816716,-0.0023575545482623075,-0.006572379980373065,-0.005807757482862338,-0.006453422816868855,0.000645665334006517,-0.007601176144806326,-0.002560472231560844,-0.0050407039132454815,0.015697332479358783,-0.0005420481916216113,0.3309129403944462,-0.004318914685586487,0.026254432333369004,0.035610122184012084,0.04655917465808535
-4.0,40,5,5,0.75,7920,2407,-0.0045799360594305305,0.0014923446913279639,-0.00750635005895536,-0.0016535220599057008,0.0021720632498391994,0.45795454545454545,-0.003461694399252313,-0.008929934528635372,-0.0032680437265816716,-0.0023575545482623075,-0.006572379980373065,-0.005807757482862338,-0.006453422816868855,0.000645665334006517,-0.01065231221397832,-0.002460655061190296,-0.008191657152788023,0.015697332479358783,-0.0005420481916216113,0.3309129403944462,-0.004318914685586487,0.026254432333369004,0.035610122184012084,0.04655917465808535
-4.0,40,5,5,0.9,7920,2407,-0.0045799360594305305,0.0014923446913279639,-0.00750635005895536,-0.0016535220599057008,0.0021720632498391994,0.45795454545454545,-0.003461694399252313,-0.008929934528635372,-0.0032680437265816716,-0.0023575545482623075,-0.006572379980373065,-0.005807757482862338,-0.006453422816868855,0.000645665334006517,-0.022380862860398594,-0.0025603454607546934,-0.0198205173996439,0.015697332479358783,-0.0005420481916216113,0.3309129403944462,-0.004318914685586487,0.026254432333369004,0.035610122184012084,0.04655917465808535
-4.0,40,5,10,0.6,7917,2405,-0.0037125313698418497,0.0017281642532912794,-0.00710137726537707,-0.00032368547430662977,0.03179341934686966,0.46419098143236076,-0.0036128872767723363,-0.006266701513983782,-0.0004108448489267359,-0.0027664810996710786,-0.0035002204143127036,-0.004036425426574278,-0.004066830310003531,3.0404883429252863e-05,-0.005329315564248913,-0.0026311535770818127,-0.0026981619871671,0.00644815317020897,-0.0004507068884105247,0.5745616759256533,-0.0022226584163976583,0.3289704710277862,0.04720670678051376,0.0013621763833898217
-4.0,40,5,10,0.75,7917,2405,-0.0037125313698418497,0.0017281642532912794,-0.00710137726537707,-0.00032368547430662977,0.03179341934686966,0.46419098143236076,-0.0036128872767723363,-0.006266701513983782,-0.0004108448489267359,-0.0027664810996710786,-0.0035002204143127036,-0.004036425426574278,-0.004066830310003531,3.0404883429252863e-05,-0.00636535138733724,-0.002786214359642794,-0.0035791370276944466,0.00644815317020897,-0.0004507068884105247,0.5745616759256533,-0.0022226584163976583,0.3289704710277862,0.04720670678051376,0.0013621763833898217
-4.0,40,5,10,0.9,7917,2405,-0.0037125313698418497,0.0017281642532912794,-0.00710137726537707,-0.00032368547430662977,0.03179341934686966,0.46419098143236076,-0.0036128872767723363,-0.006266701513983782,-0.0004108448489267359,-0.0027664810996710786,-0.0035002204143127036,-0.004036425426574278,-0.004066830310003531,3.0404883429252863e-05,-0.016112061536909025,-0.002305158536533381,-0.013806903000375643,0.00644815317020897,-0.0004507068884105247,0.5745616759256533,-0.0022226584163976583,0.3289704710277862,0.04720670678051376,0.0013621763833898217
-4.0,40,5,20,0.6,7907,2399,-0.004626838261415815,0.0019923245240602108,-0.008533694500714116,-0.0007199820221175136,0.02029842123969362,0.463766283040344,-0.005700443114003084,-0.0075840717810395026,-0.002884400590293666,-0.0033634435188461226,-0.00422062826219338,-0.0062734156374475575,-0.007295801842701382,0.0010223862052538245,-0.005296241890821573,-0.004178165317583018,-0.0011180765732385547,0.007968281506594788,-0.0006330645224048577,0.548813273240649,-0.0030388517168839957,0.3136856562208712,0.06734604044295706,0.0011102461248035675
-4.0,40,5,20,0.75,7907,2399,-0.004626838261415815,0.0019923245240602108,-0.008533694500714116,-0.0007199820221175136,0.02029842123969362,0.463766283040344,-0.005700443114003084,-0.0075840717810395026,-0.002884400590293666,-0.0033634435188461226,-0.00422062826219338,-0.0062734156374475575,-0.007295801842701382,0.0010223862052538245,-0.007816889468361002,-0.003511028271140861,-0.004305861197220141,0.007968281506594788,-0.0006330645224048577,0.548813273240649,-0.0030388517168839957,0.3136856562208712,0.06734604044295706,0.0011102461248035675
-4.0,40,5,20,0.9,7907,2399,-0.004626838261415815,0.0019923245240602108,-0.008533694500714116,-0.0007199820221175136,0.02029842123969362,0.463766283040344,-0.005700443114003084,-0.0075840717810395026,-0.002884400590293666,-0.0033634435188461226,-0.00422062826219338,-0.0062734156374475575,-0.007295801842701382,0.0010223862052538245,-0.02188103231461936,-0.0026656925429742293,-0.01921533977164513,0.007968281506594788,-0.0006330645224048577,0.548813273240649,-0.0030388517168839957,0.3136856562208712,0.06734604044295706,0.0011102461248035675
-4.0,40,5,60,0.6,7857,2376,-0.0058709549337717165,0.003142760541290818,-0.012033793129582138,0.00029188326203870556,0.06187278176475437,0.4651902761868398,-0.009229937058921944,-0.00456602676396186,0.005211500052024208,-0.007780427102248326,0.0032144003382864657,-0.005420446602834217,-0.012062768830952385,0.006642322228118168,0.000497192018765655,-0.010125850572760062,0.010623042591525717,0.019627148558093332,0.0012956697667001781,0.22817822525301945,0.0034765912231057316,0.3873632437895097,0.13224049218487036,1.1717494522732366e-07
-4.0,40,5,60,0.75,7857,2376,-0.0058709549337717165,0.003142760541290818,-0.012033793129582138,0.00029188326203870556,0.06187278176475437,0.4651902761868398,-0.009229937058921944,-0.00456602676396186,0.005211500052024208,-0.007780427102248326,0.0032144003382864657,-0.005420446602834217,-0.012062768830952385,0.006642322228118168,0.001945144032689835,-0.008628390674522358,0.010573534707212192,0.019627148558093332,0.0012956697667001781,0.22817822525301945,0.0034765912231057316,0.3873632437895097,0.13224049218487036,1.1717494522732366e-07
-4.0,40,5,60,0.9,7857,2376,-0.0058709549337717165,0.003142760541290818,-0.012033793129582138,0.00029188326203870556,0.06187278176475437,0.4651902761868398,-0.009229937058921944,-0.00456602676396186,0.005211500052024208,-0.007780427102248326,0.0032144003382864657,-0.005420446602834217,-0.012062768830952385,0.006642322228118168,-0.0058423778343673575,-0.005874226099618427,3.184826525106949e-05,0.019627148558093332,0.0012956697667001781,0.22817822525301945,0.0034765912231057316,0.3873632437895097,0.13224049218487036,1.1717494522732366e-07
-4.0,40,10,5,0.6,7759,2400,-0.00453189074653301,0.0013466943059134418,-0.00717269543494802,-0.0018910860581179997,0.0007769317644266718,0.4571465395025132,-0.0034727700136569783,-0.00880451284880234,-0.0031679408512960377,-0.002429219695578863,-0.006375293153223476,-0.005509156402968509,-0.006586739244289045,0.0010775828413205363,-0.007347975197395317,-0.002654097806581,-0.004693877390814317,0.015373844258825153,-0.0004695478649054717,0.40207368513987163,-0.003098617726857197,0.10213960762929696,0.03115567992070973,0.09550321055883938
-4.0,40,10,5,0.75,7759,2400,-0.00453189074653301,0.0013466943059134418,-0.00717269543494802,-0.0018910860581179997,0.0007769317644266718,0.4571465395025132,-0.0034727700136569783,-0.00880451284880234,-0.0031679408512960377,-0.002429219695578863,-0.006375293153223476,-0.005509156402968509,-0.006586739244289045,0.0010775828413205363,-0.010358252201289915,-0.0025720416385171226,-0.007786210562772793,0.015373844258825153,-0.0004695478649054717,0.40207368513987163,-0.003098617726857197,0.10213960762929696,0.03115567992070973,0.09550321055883938
-4.0,40,10,5,0.9,7759,2400,-0.00453189074653301,0.0013466943059134418,-0.00717269543494802,-0.0018910860581179997,0.0007769317644266718,0.4571465395025132,-0.0034727700136569783,-0.00880451284880234,-0.0031679408512960377,-0.002429219695578863,-0.006375293153223476,-0.005509156402968509,-0.006586739244289045,0.0010775828413205363,-0.019476023970692192,-0.0027659029610004357,-0.016710121009691756,0.015373844258825153,-0.0004695478649054717,0.40207368513987163,-0.003098617726857197,0.10213960762929696,0.03115567992070973,0.09550321055883938
-4.0,40,10,10,0.6,7756,2398,-0.0038156331047187,0.0015471337654260676,-0.00684949149721072,-0.0007817747122266807,0.013722755523702763,0.46415678184631254,-0.0036076288943630574,-0.0064628986443674066,-0.00032462698580858624,-0.0028927943090895393,-0.0035701043352778673,-0.0041301224708568144,-0.004601668588506407,0.00047154611764959296,-0.005575360660026959,-0.0026414726722860174,-0.0029338879877409416,0.005669249695019918,-0.00029466376303563063,0.7166989392186071,-0.0011481026218272666,0.6117597065339742,0.03193222598986684,0.03875938418330456
-4.0,40,10,10,0.75,7756,2398,-0.0038156331047187,0.0015471337654260676,-0.00684949149721072,-0.0007817747122266807,0.013722755523702763,0.46415678184631254,-0.0036076288943630574,-0.0064628986443674066,-0.00032462698580858624,-0.0028927943090895393,-0.0035701043352778673,-0.0041301224708568144,-0.004601668588506407,0.00047154611764959296,-0.006569956643308425,-0.002888665351683075,-0.00368129129162535,0.005669249695019918,-0.00029466376303563063,0.7166989392186071,-0.0011481026218272666,0.6117597065339742,0.03193222598986684,0.03875938418330456
-4.0,40,10,10,0.9,7756,2398,-0.0038156331047187,0.0015471337654260676,-0.00684949149721072,-0.0007817747122266807,0.013722755523702763,0.46415678184631254,-0.0036076288943630574,-0.0064628986443674066,-0.00032462698580858624,-0.0028927943090895393,-0.0035701043352778673,-0.0041301224708568144,-0.004601668588506407,0.00047154611764959296,-0.01700981174494758,-0.002255767694541699,-0.01475404405040588,0.005669249695019918,-0.00029466376303563063,0.7166989392186071,-0.0011481026218272666,0.6117597065339742,0.03193222598986684,0.03875938418330456
-4.0,40,10,20,0.6,7746,2392,-0.004722771105544883,0.0018773204534016574,-0.00840411512421113,-0.0010414270868786372,0.01194473638204676,0.4632068164213788,-0.005665826204662827,-0.007716743856671646,-0.0032126583698186455,-0.0034614074648156353,-0.0042553363918560105,-0.006339680845520976,-0.007938697201753945,0.0015990163562329693,-0.005341977728332107,-0.0043093890307842435,-0.0010325886975478633,0.00575806097936038,-0.00047944706441786214,0.6539059228046034,-0.0022378641998533995,0.46635027071913826,0.05281043548005302,0.01613918074418647
-4.0,40,10,20,0.75,7746,2392,-0.004722771105544883,0.0018773204534016574,-0.00840411512421113,-0.0010414270868786372,0.01194473638204676,0.4632068164213788,-0.005665826204662827,-0.007716743856671646,-0.0032126583698186455,-0.0034614074648156353,-0.0042553363918560105,-0.006339680845520976,-0.007938697201753945,0.0015990163562329693,-0.007730778296870804,-0.0037086785723738974,-0.004022099724496906,0.00575806097936038,-0.00047944706441786214,0.6539059228046034,-0.0022378641998533995,0.46635027071913826,0.05281043548005302,0.01613918074418647
-4.0,40,10,20,0.9,7746,2392,-0.004722771105544883,0.0018773204534016574,-0.00840411512421113,-0.0010414270868786372,0.01194473638204676,0.4632068164213788,-0.005665826204662827,-0.007716743856671646,-0.0032126583698186455,-0.0034614074648156353,-0.0042553363918560105,-0.006339680845520976,-0.007938697201753945,0.0015990163562329693,-0.025851242582109565,-0.00222127722584765,-0.023629965356261915,0.00575806097936038,-0.00047944706441786214,0.6539059228046034,-0.0022378641998533995,0.46635027071913826,0.05281043548005302,0.01613918074418647
-4.0,40,10,60,0.6,7696,2369,-0.007081931207980553,0.0030364222282076338,-0.01303625284520413,-0.0011276095707569763,0.019766876954972184,0.4627079002079002,-0.009784053646903823,-0.007457621650058902,0.003924493992020644,-0.008103677848212946,0.0006460561981540443,-0.006506151212211732,-0.013044087207196308,0.006537935994984576,-0.0014871972673128522,-0.010819029171816241,0.00933183190450339,0.010099159458903495,0.0014661350710580715,0.17632990116961167,0.004576739896977664,0.24932211017524952,0.09965395747448716,8.707372836801736e-05
-4.0,40,10,60,0.75,7696,2369,-0.007081931207980553,0.0030364222282076338,-0.01303625284520413,-0.0011276095707569763,0.019766876954972184,0.4627079002079002,-0.009784053646903823,-0.007457621650058902,0.003924493992020644,-0.008103677848212946,0.0006460561981540443,-0.006506151212211732,-0.013044087207196308,0.006537935994984576,-0.001407684841423642,-0.009011550423353294,0.007603865581929652,0.010099159458903495,0.0014661350710580715,0.17632990116961167,0.004576739896977664,0.24932211017524952,0.09965395747448716,8.707372836801736e-05
-4.0,40,10,60,0.9,7696,2369,-0.007081931207980553,0.0030364222282076338,-0.01303625284520413,-0.0011276095707569763,0.019766876954972184,0.4627079002079002,-0.009784053646903823,-0.007457621650058902,0.003924493992020644,-0.008103677848212946,0.0006460561981540443,-0.006506151212211732,-0.013044087207196308,0.006537935994984576,-0.021073607211998007,-0.0054133485547963895,-0.015660258657201616,0.010099159458903495,0.0014661350710580715,0.17632990116961167,0.004576739896977664,0.24932211017524952,0.09965395747448716,8.707372836801736e-05
-4.0,40,20,5,0.6,7537,2382,-0.0037076580687806773,0.0011633099528546385,-0.005988863303875849,-0.0014264528336855064,0.001455377645286616,0.4594666312856574,-0.0032890507253084955,-0.006173719102553497,-0.003270601716341695,-0.0024306256585525845,-0.0037430934440009127,-0.005113020756158804,-0.0057891094954529805,0.0006760887392941763,-0.005545321714848127,-0.0024824135104230113,-0.0030629082044251153,0.00911174149428673,-0.000503454573211213,0.3705293378490533,-0.003215712053135846,0.08683693681572432,0.039943221756627324,0.03578813573442167
-4.0,40,20,5,0.75,7537,2382,-0.0037076580687806773,0.0011633099528546385,-0.005988863303875849,-0.0014264528336855064,0.001455377645286616,0.4594666312856574,-0.0032890507253084955,-0.006173719102553497,-0.003270601716341695,-0.0024306256585525845,-0.0037430934440009127,-0.005113020756158804,-0.0057891094954529805,0.0006760887392941763,-0.007166027518292488,-0.002554256368085389,-0.004611771150207099,0.00911174149428673,-0.000503454573211213,0.3705293378490533,-0.003215712053135846,0.08683693681572432,0.039943221756627324,0.03578813573442167
-4.0,40,20,5,0.9,7537,2382,-0.0037076580687806773,0.0011633099528546385,-0.005988863303875849,-0.0014264528336855064,0.001455377645286616,0.4594666312856574,-0.0032890507253084955,-0.006173719102553497,-0.003270601716341695,-0.0024306256585525845,-0.0037430934440009127,-0.005113020756158804,-0.0057891094954529805,0.0006760887392941763,-0.011704897297322653,-0.002727359009339204,-0.00897753828798345,0.00911174149428673,-0.000503454573211213,0.3705293378490533,-0.003215712053135846,0.08683693681572432,0.039943221756627324,0.03578813573442167
-4.0,40,20,10,0.6,7534,2380,-0.0033137327545070057,0.001402168491885501,-0.0060633314009908516,-0.0005641341080231603,0.018193419177406994,0.46694982744889835,-0.0033789419533779563,-0.004967869974255192,-0.0003632644037550216,-0.0028410615312177727,-0.0021268084430374192,-0.003614198830649309,-0.004304487252843377,0.0006902884221940682,-0.004870179296644847,-0.002275872162028366,-0.0025943071346164813,0.004368573953741239,-0.00030612369068083343,0.7092214351280961,-0.0007613183022712829,0.7381856750122627,0.03598993947522711,0.02554245600843535
-4.0,40,20,10,0.75,7534,2380,-0.0033137327545070057,0.001402168491885501,-0.0060633314009908516,-0.0005641341080231603,0.018193419177406994,0.46694982744889835,-0.0033789419533779563,-0.004967869974255192,-0.0003632644037550216,-0.0028410615312177727,-0.0021268084430374192,-0.003614198830649309,-0.004304487252843377,0.0006902884221940682,-0.004659016020995997,-0.0028648287082454105,-0.0017941873127505863,0.004368573953741239,-0.00030612369068083343,0.7092214351280961,-0.0007613183022712829,0.7381856750122627,0.03598993947522711,0.02554245600843535
-4.0,40,20,10,0.9,7534,2380,-0.0033137327545070057,0.001402168491885501,-0.0060633314009908516,-0.0005641341080231603,0.018193419177406994,0.46694982744889835,-0.0033789419533779563,-0.004967869974255192,-0.0003632644037550216,-0.0028410615312177727,-0.0021268084430374192,-0.003614198830649309,-0.004304487252843377,0.0006902884221940682,-0.012087893157802938,-0.0022377181498411517,-0.009850175007961787,0.004368573953741239,-0.00030612369068083343,0.7092214351280961,-0.0007613183022712829,0.7381856750122627,0.03598993947522711,0.02554245600843535
-4.0,40,20,20,0.6,7524,2374,-0.004192501344910383,0.0017292181024430799,-0.007583436101226705,-0.0008015665885940607,0.01540342444886362,0.46557682083997876,-0.005301045333943599,-0.005873832491312345,-0.003732145876153435,-0.003482269956570844,-0.002391562534741501,-0.005257887099872318,-0.007893141912204527,0.0026352548123322085,-0.004553752558059235,-0.0039514804269420245,-0.0006022721311172109,0.006320008505638741,-0.0003992820661646204,0.7120009850843605,-0.0010455709401463922,0.7318166227196735,0.06199369719108323,0.006938189344527068
-4.0,40,20,20,0.75,7524,2374,-0.004192501344910383,0.0017292181024430799,-0.007583436101226705,-0.0008015665885940607,0.01540342444886362,0.46557682083997876,-0.005301045333943599,-0.005873832491312345,-0.003732145876153435,-0.003482269956570844,-0.002391562534741501,-0.005257887099872318,-0.007893141912204527,0.0026352548123322085,-0.005969706366050706,-0.003600099671196941,-0.002369606694853765,0.006320008505638741,-0.0003992820661646204,0.7120009850843605,-0.0010455709401463922,0.7318166227196735,0.06199369719108323,0.006938189344527068
-4.0,40,20,20,0.9,7524,2374,-0.004192501344910383,0.0017292181024430799,-0.007583436101226705,-0.0008015665885940607,0.01540342444886362,0.46557682083997876,-0.005301045333943599,-0.005873832491312345,-0.003732145876153435,-0.003482269956570844,-0.002391562534741501,-0.005257887099872318,-0.007893141912204527,0.0026352548123322085,-0.018914220578861062,-0.0023844167411883397,-0.016529803837672722,0.006320008505638741,-0.0003992820661646204,0.7120009850843605,-0.0010455709401463922,0.7318166227196735,0.06199369719108323,0.006938189344527068
-4.0,40,20,60,0.6,7474,2351,-0.006648628733290586,0.0031202467576894547,-0.012767351414292066,-0.0005299060522891081,0.03320898331241003,0.4638747658549639,-0.009371727455287526,-0.005938265026959267,0.004374240873347734,-0.008191214633451582,0.0022529496064923145,-0.0060991541034981925,-0.012387191728527779,0.006288037625029586,-0.0007381922943694655,-0.010594194513132621,0.009856002218763156,0.010145082097236746,0.0015380183766598456,0.16045291002427176,0.0060091792102209,0.13371253224741206,0.09801019768334174,0.0002003604016204339
-4.0,40,20,60,0.75,7474,2351,-0.006648628733290586,0.0031202467576894547,-0.012767351414292066,-0.0005299060522891081,0.03320898331241003,0.4638747658549639,-0.009371727455287526,-0.005938265026959267,0.004374240873347734,-0.008191214633451582,0.0022529496064923145,-0.0060991541034981925,-0.012387191728527779,0.006288037625029586,0.000825091476830327,-0.009149655817891766,0.009974747294722093,0.010145082097236746,0.0015380183766598456,0.16045291002427176,0.0060091792102209,0.13371253224741206,0.09801019768334174,0.0002003604016204339
-4.0,40,20,60,0.9,7474,2351,-0.006648628733290586,0.0031202467576894547,-0.012767351414292066,-0.0005299060522891081,0.03320898331241003,0.4638747658549639,-0.009371727455287526,-0.005938265026959267,0.004374240873347734,-0.008191214633451582,0.0022529496064923145,-0.0060991541034981925,-0.012387191728527779,0.006288037625029586,-0.01707587305842152,-0.005358353274023896,-0.011717519784397622,0.010145082097236746,0.0015380183766598456,0.16045291002427176,0.0060091792102209,0.13371253224741206,0.09801019768334174,0.0002003604016204339
-4.0,40,40,5,0.6,7298,2333,-0.003496599321802746,0.0011518881033473957,-0.005755430896679334,-0.0012377677469261575,0.002427620873666449,0.45998903809262814,-0.0031949135606490486,-0.005427762957525093,-0.0035297816090110474,-0.0024207128708246665,-0.0030070500867004266,-0.004926250388615864,-0.005540435206123744,0.0006141848175078794,-0.005013144757710456,-0.0024822166554341082,-0.0025309281022763475,0.009845557604866495,-6.993615825984535e-05,0.8499617257126684,-0.0028541800444664197,0.11304925124978646,0.04565953872844057,0.02373549863115027
-4.0,40,40,5,0.75,7298,2333,-0.003496599321802746,0.0011518881033473957,-0.005755430896679334,-0.0012377677469261575,0.002427620873666449,0.45998903809262814,-0.0031949135606490486,-0.005427762957525093,-0.0035297816090110474,-0.0024207128708246665,-0.0030070500867004266,-0.004926250388615864,-0.005540435206123744,0.0006141848175078794,-0.006004191764573543,-0.0026598186565067895,-0.0033443731080667538,0.009845557604866495,-6.993615825984535e-05,0.8499617257126684,-0.0028541800444664197,0.11304925124978646,0.04565953872844057,0.02373549863115027
-4.0,40,40,5,0.9,7298,2333,-0.003496599321802746,0.0011518881033473957,-0.005755430896679334,-0.0012377677469261575,0.002427620873666449,0.45998903809262814,-0.0031949135606490486,-0.005427762957525093,-0.0035297816090110474,-0.0024207128708246665,-0.0030070500867004266,-0.004926250388615864,-0.005540435206123744,0.0006141848175078794,-0.010094681681566759,-0.002713810274215783,-0.0073808714073509765,0.009845557604866495,-6.993615825984535e-05,0.8499617257126684,-0.0028541800444664197,0.11304925124978646,0.04565953872844057,0.02373549863115027
-4.0,40,40,10,0.6,7295,2331,-0.003099507135962225,0.0013092925500831597,-0.005667007106264502,-0.0005320071656599473,0.01799898509272627,0.4673063742289239,-0.0032547516643113283,-0.0043264341265337744,-0.00035715549936676203,-0.0028155951509378535,-0.001510838975595921,-0.003895819165546539,-0.004094419442647392,0.00019860027710085285,-0.0044321392314344375,-0.0022075279873910074,-0.00222461124404343,0.004744908397485426,0.00045434340009293996,0.2949115211838609,0.0004847330992000375,0.804721637158759,0.036238197842235524,0.025939072415059744
-4.0,40,40,10,0.75,7295,2331,-0.003099507135962225,0.0013092925500831597,-0.005667007106264502,-0.0005320071656599473,0.01799898509272627,0.4673063742289239,-0.0032547516643113283,-0.0043264341265337744,-0.00035715549936676203,-0.0028155951509378535,-0.001510838975595921,-0.003895819165546539,-0.004094419442647392,0.00019860027710085285,-0.0040126482883646635,-0.0027946258515799153,-0.0012180224367847482,0.004744908397485426,0.00045434340009293996,0.2949115211838609,0.0004847330992000375,0.804721637158759,0.036238197842235524,0.025939072415059744
-4.0,40,40,10,0.9,7295,2331,-0.003099507135962225,0.0013092925500831597,-0.005667007106264502,-0.0005320071656599473,0.01799898509272627,0.4673063742289239,-0.0032547516643113283,-0.0043264341265337744,-0.00035715549936676203,-0.0028155951509378535,-0.001510838975595921,-0.003895819165546539,-0.004094419442647392,0.00019860027710085285,-0.010716093330471048,-0.00219546822865509,-0.008520625101815957,0.004744908397485426,0.00045434340009293996,0.2949115211838609,0.0004847330992000375,0.804721637158759,0.036238197842235524,0.025939072415059744
-4.0,40,40,20,0.6,7285,2325,-0.004043191746940903,0.0016641079225614632,-0.007306482884232452,-0.0007799006096493545,0.015188905891942694,0.4650652024708305,-0.005327145978073267,-0.0050953489096773,-0.0035108285936448105,-0.0036590066902060137,-0.0014363422194712864,-0.005372707089960169,-0.007325224225493092,0.0019525171355329234,-0.0033324153302572122,-0.004517584979041989,0.0011851696487847766,0.006118521226282647,0.0005097202346440148,0.36448966258098237,0.00032410641293946084,0.9026212145168256,0.059275168903390886,0.010299913631595707
-4.0,40,40,20,0.75,7285,2325,-0.004043191746940903,0.0016641079225614632,-0.007306482884232452,-0.0007799006096493545,0.015188905891942694,0.4650652024708305,-0.005327145978073267,-0.0050953489096773,-0.0035108285936448105,-0.0036590066902060137,-0.0014363422194712864,-0.005372707089960169,-0.007325224225493092,0.0019525171355329234,-0.004662435074963928,-0.003836058880670516,-0.0008263761942934118,0.006118521226282647,0.0005097202346440148,0.36448966258098237,0.00032410641293946084,0.9026212145168256,0.059275168903390886,0.010299913631595707
-4.0,40,40,20,0.9,7285,2325,-0.004043191746940903,0.0016641079225614632,-0.007306482884232452,-0.0007799006096493545,0.015188905891942694,0.4650652024708305,-0.005327145978073267,-0.0050953489096773,-0.0035108285936448105,-0.0036590066902060137,-0.0014363422194712864,-0.005372707089960169,-0.007325224225493092,0.0019525171355329234,-0.01779601659123104,-0.002408314396383298,-0.015387702194847743,0.006118521226282647,0.0005097202346440148,0.36448966258098237,0.00032410641293946084,0.9026212145168256,0.059275168903390886,0.010299913631595707
-4.0,40,40,60,0.6,7237,2302,-0.006820365905874395,0.0030652585309534183,-0.012831324066472711,-0.0008094077452760794,0.026174222788544012,0.4631753489014785,-0.009594171179031052,-0.005506671928420311,0.004350221605756017,-0.008692993670653211,0.0031863217422329,-0.006303673498758457,-0.012057962496522377,0.00575428899776392,-0.00022206905027138165,-0.011219737024476586,0.010997667974205205,0.010019209994261313,0.002244657917155352,0.004649731714754985,0.0067536813373314025,0.08010165243413377,0.0932764206122866,0.0004908375033948748
-4.0,40,40,60,0.75,7237,2302,-0.006820365905874395,0.0030652585309534183,-0.012831324066472711,-0.0008094077452760794,0.026174222788544012,0.4631753489014785,-0.009594171179031052,-0.005506671928420311,0.004350221605756017,-0.008692993670653211,0.0031863217422329,-0.006303673498758457,-0.012057962496522377,0.00575428899776392,0.0016647764447519251,-0.009656568538928509,0.011321344983680433,0.010019209994261313,0.002244657917155352,0.004649731714754985,0.0067536813373314025,0.08010165243413377,0.0932764206122866,0.0004908375033948748
-4.0,40,40,60,0.9,7237,2302,-0.006820365905874395,0.0030652585309534183,-0.012831324066472711,-0.0008094077452760794,0.026174222788544012,0.4631753489014785,-0.009594171179031052,-0.005506671928420311,0.004350221605756017,-0.008692993670653211,0.0031863217422329,-0.006303673498758457,-0.012057962496522377,0.00575428899776392,-0.01665604774171132,-0.005642458163194867,-0.011013589578516454,0.010019209994261313,0.002244657917155352,0.004649731714754985,0.0067536813373314025,0.08010165243413377,0.0932764206122866,0.0004908375033948748
-4.0,60,5,5,0.6,7466,2307,-0.004858796688841401,0.0018636226299816269,-0.008513348094493093,-0.0012042452831897087,0.009188020647907217,0.45687114920975086,-0.0037098234860463153,-0.00953226848409828,-0.0036293045271633445,-0.0021449112705079886,-0.007387357213590292,-0.0042691116171925106,-0.00853251377447228,0.004263402157279769,-0.00851298469475456,-0.0024177729762229127,-0.006095211718531648,0.02048754714999612,-0.00024267431026752002,0.6974992268771554,-0.0037166361528196126,0.057875636107121695,0.05183555408833938,0.0013941376260539278
-4.0,60,5,5,0.75,7466,2307,-0.004858796688841401,0.0018636226299816269,-0.008513348094493093,-0.0012042452831897087,0.009188020647907217,0.45687114920975086,-0.0037098234860463153,-0.00953226848409828,-0.0036293045271633445,-0.0021449112705079886,-0.007387357213590292,-0.0042691116171925106,-0.00853251377447228,0.004263402157279769,-0.012167585243359438,-0.0024181810360998945,-0.009749404207259544,0.02048754714999612,-0.00024267431026752002,0.6974992268771554,-0.0037166361528196126,0.057875636107121695,0.05183555408833938,0.0013941376260539278
-4.0,60,5,5,0.9,7466,2307,-0.004858796688841401,0.0018636226299816269,-0.008513348094493093,-0.0012042452831897087,0.009188020647907217,0.45687114920975086,-0.0037098234860463153,-0.00953226848409828,-0.0036293045271633445,-0.0021449112705079886,-0.007387357213590292,-0.0042691116171925106,-0.00853251377447228,0.004263402157279769,-0.019554278123556312,-0.0032152663005359803,-0.016339011823020333,0.02048754714999612,-0.00024267431026752002,0.6974992268771554,-0.0037166361528196126,0.057875636107121695,0.05183555408833938,0.0013941376260539278
-4.0,60,5,10,0.6,7463,2305,-0.0038903576010074796,0.002352880911330909,-0.008504343299214318,0.0007236280971993593,0.09837669858993757,0.46656840412702666,-0.003650168949092425,-0.0070978721003539655,-0.00017748751359149005,-0.002467697321436392,-0.004630174778917574,-0.0026794362144169684,-0.006990176291517632,0.004310740077100663,-0.005957365480177934,-0.002508655486382025,-0.0034487099937959087,0.012400522305873407,-0.0003175051206904722,0.7243274654245373,-0.0006418446325294258,0.7923342746622604,0.060293784256679736,5.344116161350526e-06
-4.0,60,5,10,0.75,7463,2305,-0.0038903576010074796,0.002352880911330909,-0.008504343299214318,0.0007236280971993593,0.09837669858993757,0.46656840412702666,-0.003650168949092425,-0.0070978721003539655,-0.00017748751359149005,-0.002467697321436392,-0.004630174778917574,-0.0026794362144169684,-0.006990176291517632,0.004310740077100663,-0.00814535793081313,-0.0024687280664335144,-0.0056766298643796155,0.012400522305873407,-0.0003175051206904722,0.7243274654245373,-0.0006418446325294258,0.7923342746622604,0.060293784256679736,5.344116161350526e-06
-4.0,60,5,10,0.9,7463,2305,-0.0038903576010074796,0.002352880911330909,-0.008504343299214318,0.0007236280971993593,0.09837669858993757,0.46656840412702666,-0.003650168949092425,-0.0070978721003539655,-0.00017748751359149005,-0.002467697321436392,-0.004630174778917574,-0.0026794362144169684,-0.006990176291517632,0.004310740077100663,-0.013262928743035156,-0.002841668547422439,-0.010421260195612717,0.012400522305873407,-0.0003175051206904722,0.7243274654245373,-0.0006418446325294258,0.7923342746622604,0.060293784256679736,5.344116161350526e-06
-4.0,60,5,20,0.6,7453,2299,-0.005389906056103214,0.002592923918061996,-0.010474621663649302,-0.00030519044855712666,0.03775580752864378,0.4661210250905676,-0.005367217567095461,-0.010190434929057614,-0.0008752147361434686,-0.0031278377120069136,-0.007062597217050701,-0.0048820130927599206,-0.011032770961385267,0.006150757868625347,-0.008000415034822428,-0.003646840763532584,-0.004353574271289844,0.01251323886079403,-0.0005131418408690015,0.658730605172346,-0.0011092975909562904,0.7200267330281049,0.07601661353218665,4.301952367776745e-05
-4.0,60,5,20,0.75,7453,2299,-0.005389906056103214,0.002592923918061996,-0.010474621663649302,-0.00030519044855712666,0.03775580752864378,0.4661210250905676,-0.005367217567095461,-0.010190434929057614,-0.0008752147361434686,-0.0031278377120069136,-0.007062597217050701,-0.0048820130927599206,-0.011032770961385267,0.006150757868625347,-0.011087093512976503,-0.0034830215007851297,-0.007604072012191373,0.01251323886079403,-0.0005131418408690015,0.658730605172346,-0.0011092975909562904,0.7200267330281049,0.07601661353218665,4.301952367776745e-05
-4.0,60,5,20,0.9,7453,2299,-0.005389906056103214,0.002592923918061996,-0.010474621663649302,-0.00030519044855712666,0.03775580752864378,0.4661210250905676,-0.005367217567095461,-0.010190434929057614,-0.0008752147361434686,-0.0031278377120069136,-0.007062597217050701,-0.0048820130927599206,-0.011032770961385267,0.006150757868625347,-0.01598653106691721,-0.004202489556085112,-0.011784041510832097,0.01251323886079403,-0.0005131418408690015,0.658730605172346,-0.0011092975909562904,0.7200267330281049,0.07601661353218665,4.301952367776745e-05
-4.0,60,5,60,0.6,7403,2279,-0.0052104816711915185,0.0037051037352867173,-0.012476212000652381,0.0020552486582693453,0.15977190973017963,0.4688639740645684,-0.008520386824045323,-0.0031283368293750155,0.0016545618751975914,-0.007042638303662895,0.003914301474287879,-0.0019105143529418557,-0.016720826850008523,0.014810312497066668,0.002693253741060453,-0.010487947713524218,0.013181201454584672,0.04276711003760958,0.0014078655362352818,0.2231944179609675,0.005620419360214274,0.20257249213440132,0.17839395230184033,1.3322050490338476e-12
-4.0,60,5,60,0.75,7403,2279,-0.0052104816711915185,0.0037051037352867173,-0.012476212000652381,0.0020552486582693453,0.15977190973017963,0.4688639740645684,-0.008520386824045323,-0.0031283368293750155,0.0016545618751975914,-0.007042638303662895,0.003914301474287879,-0.0019105143529418557,-0.016720826850008523,0.014810312497066668,0.002688079841764246,-0.007855203764512623,0.01054328360627687,0.04276711003760958,0.0014078655362352818,0.2231944179609675,0.005620419360214274,0.20257249213440132,0.17839395230184033,1.3322050490338476e-12
-4.0,60,5,60,0.9,7403,2279,-0.0052104816711915185,0.0037051037352867173,-0.012476212000652381,0.0020552486582693453,0.15977190973017963,0.4688639740645684,-0.008520386824045323,-0.0031283368293750155,0.0016545618751975914,-0.007042638303662895,0.003914301474287879,-0.0019105143529418557,-0.016720826850008523,0.014810312497066668,0.02427996259578253,-0.008539904949077493,0.03281986754486002,0.04276711003760958,0.0014078655362352818,0.2231944179609675,0.005620419360214274,0.20257249213440132,0.17839395230184033,1.3322050490338476e-12
-4.0,60,10,5,0.6,7218,2300,-0.004789808376571611,0.001612188668954421,-0.007951304535877292,-0.0016283122172659312,0.0029991116339600633,0.45649764477694654,-0.003671855434013327,-0.009527341517089408,-0.003235562645321612,-0.0022722351252484727,-0.0072551063918409354,-0.0037830722172973196,-0.008208475819567046,0.004425403602269727,-0.008085603189188332,-0.002592865494090781,-0.005492737695097551,0.021737895239659744,-0.00022945520529227623,0.7146186515614644,-0.0028575652223987846,0.13351799810037845,0.05002255498776077,0.0045175295436702375
-4.0,60,10,5,0.75,7218,2300,-0.004789808376571611,0.001612188668954421,-0.007951304535877292,-0.0016283122172659312,0.0029991116339600633,0.45649764477694654,-0.003671855434013327,-0.009527341517089408,-0.003235562645321612,-0.0022722351252484727,-0.0072551063918409354,-0.0037830722172973196,-0.008208475819567046,0.004425403602269727,-0.011781620741339805,-0.002456620436665595,-0.00932500030467421,0.021737895239659744,-0.00022945520529227623,0.7146186515614644,-0.0028575652223987846,0.13351799810037845,0.05002255498776077,0.0045175295436702375
-4.0,60,10,5,0.9,7218,2300,-0.004789808376571611,0.001612188668954421,-0.007951304535877292,-0.0016283122172659312,0.0029991116339600633,0.45649764477694654,-0.003671855434013327,-0.009527341517089408,-0.003235562645321612,-0.0022722351252484727,-0.0072551063918409354,-0.0037830722172973196,-0.008208475819567046,0.004425403602269727,-0.017626850381192466,-0.003310136971218218,-0.014316713409974247,0.021737895239659744,-0.00022945520529227623,0.7146186515614644,-0.0028575652223987846,0.13351799810037845,0.05002255498776077,0.0045175295436702375
-4.0,60,10,10,0.6,7215,2298,-0.004217849064889383,0.001760403074778,-0.00766999472218851,-0.0007657034075902558,0.0166566209749628,0.4654192654192654,-0.0036914604906375104,-0.00813348467306668,1.5908599538849285e-05,-0.002596295042553068,-0.005537189630513612,-0.002895684907143789,-0.006949147411950705,0.004053462504806916,-0.006696380149473994,-0.0025645405525983097,-0.004131839596875684,0.010719811330722528,-0.00027705312328000126,0.7618911492084528,-0.0006756483679510934,0.7806678977040475,0.044986153937381694,0.0017108855709023335
-4.0,60,10,10,0.75,7215,2298,-0.004217849064889383,0.001760403074778,-0.00766999472218851,-0.0007657034075902558,0.0166566209749628,0.4654192654192654,-0.0036914604906375104,-0.00813348467306668,1.5908599538849285e-05,-0.002596295042553068,-0.005537189630513612,-0.002895684907143789,-0.006949147411950705,0.004053462504806916,-0.00937581850184583,-0.0024956651486121896,-0.00688015335323364,0.010719811330722528,-0.00027705312328000126,0.7618911492084528,-0.0006756483679510934,0.7806678977040475,0.044986153937381694,0.0017108855709023335
-4.0,60,10,10,0.9,7215,2298,-0.004217849064889383,0.001760403074778,-0.00766999472218851,-0.0007657034075902558,0.0166566209749628,0.4654192654192654,-0.0036914604906375104,-0.00813348467306668,1.5908599538849285e-05,-0.002596295042553068,-0.005537189630513612,-0.002895684907143789,-0.006949147411950705,0.004053462504806916,-0.01534442833855492,-0.002934740680571175,-0.012409687657983746,0.010719811330722528,-0.00027705312328000126,0.7618911492084528,-0.0006756483679510934,0.7806678977040475,0.044986153937381694,0.0017108855709023335
-4.0,60,10,20,0.6,7205,2292,-0.005598976559893647,0.002111209915107814,-0.00973905919631771,-0.0014588939234695848,0.008056289603255704,0.46426092990978485,-0.005538297524619651,-0.0108865785976159,-0.0008069039360312119,-0.003294837590193981,-0.00759174100742192,-0.004712072120220373,-0.011252598378290485,0.006540526258070112,-0.007942791438083975,-0.004035529476639897,-0.0039072619614440775,0.009892182761228274,-0.0003633380047228363,0.7589721409715492,-0.0005025197106427732,0.8743660054589324,0.05973882931782894,0.0034351928484691657
-4.0,60,10,20,0.75,7205,2292,-0.005598976559893647,0.002111209915107814,-0.00973905919631771,-0.0014588939234695848,0.008056289603255704,0.46426092990978485,-0.005538297524619651,-0.0108865785976159,-0.0008069039360312119,-0.003294837590193981,-0.00759174100742192,-0.004712072120220373,-0.011252598378290485,0.006540526258070112,-0.013641517985584821,-0.002908695060579284,-0.010732822925005537,0.009892182761228274,-0.0003633380047228363,0.7589721409715492,-0.0005025197106427732,0.8743660054589324,0.05973882931782894,0.0034351928484691657
-4.0,60,10,20,0.9,7205,2292,-0.005598976559893647,0.002111209915107814,-0.00973905919631771,-0.0014588939234695848,0.008056289603255704,0.46426092990978485,-0.005538297524619651,-0.0108865785976159,-0.0008069039360312119,-0.003294837590193981,-0.00759174100742192,-0.004712072120220373,-0.011252598378290485,0.006540526258070112,-0.02124804243792187,-0.0037915445820318966,-0.017456497855889975,0.009892182761228274,-0.0003633380047228363,0.7589721409715492,-0.0005025197106427732,0.8743660054589324,0.05973882931782894,0.0034351928484691657
-4.0,60,10,60,0.6,7155,2272,-0.007071675348744146,0.0034652132026357155,-0.013866990060076512,-0.00027636063741177854,0.04138990494207255,0.4651292802236198,-0.009439771412359743,-0.008253117389960757,0.0015496492970152396,-0.00719399711383925,-0.001059120276121507,-0.003434012092342095,-0.018058483263015363,0.014624471170673267,-0.001300683968554847,-0.010927973156070452,0.009627289187515604,0.024038835387739432,0.00145522252432531,0.2142137786305487,0.004782601365471283,0.27173586274226313,0.14514723816078737,1.1930757456495463e-07
-4.0,60,10,60,0.75,7155,2272,-0.007071675348744146,0.0034652132026357155,-0.013866990060076512,-0.00027636063741177854,0.04138990494207255,0.4651292802236198,-0.009439771412359743,-0.008253117389960757,0.0015496492970152396,-0.00719399711383925,-0.001059120276121507,-0.003434012092342095,-0.018058483263015363,0.014624471170673267,-0.005630575156736922,-0.007553206496250567,0.0019226313395136457,0.024038835387739432,0.00145522252432531,0.2142137786305487,0.004782601365471283,0.27173586274226313,0.14514723816078737,1.1930757456495463e-07
-4.0,60,10,60,0.9,7155,2272,-0.007071675348744146,0.0034652132026357155,-0.013866990060076512,-0.00027636063741177854,0.04138990494207255,0.4651292802236198,-0.009439771412359743,-0.008253117389960757,0.0015496492970152396,-0.00719399711383925,-0.001059120276121507,-0.003434012092342095,-0.018058483263015363,0.014624471170673267,-0.008161637423073997,-0.0069448050558045165,-0.0012168323672694806,0.024038835387739432,0.00145522252432531,0.2142137786305487,0.004782601365471283,0.27173586274226313,0.14514723816078737,1.1930757456495463e-07
-4.0,60,20,5,0.6,6945,2286,-0.003938736130058785,0.0013782232797230113,-0.006641435728205495,-0.001236036531912074,0.004304021808791029,0.45932325413966885,-0.00345655582638138,-0.007150393186361082,-0.0030648950662516463,-0.002306677751033495,-0.004843715435327587,-0.0038550640316811695,-0.007249910158056292,0.0033948461263751226,-0.00589863742592653,-0.0026321352661469555,-0.0032665021597795747,0.016130803084171474,-0.0004960422796696277,0.4262753833842319,-0.0031456084599042907,0.09185590626863634,0.05127040377775866,0.004608084848584871
-4.0,60,20,5,0.75,6945,2286,-0.003938736130058785,0.0013782232797230113,-0.006641435728205495,-0.001236036531912074,0.004304021808791029,0.45932325413966885,-0.00345655582638138,-0.007150393186361082,-0.0030648950662516463,-0.002306677751033495,-0.004843715435327587,-0.0038550640316811695,-0.007249910158056292,0.0033948461263751226,-0.008239345813054114,-0.002504373799151933,-0.005734972013902181,0.016130803084171474,-0.0004960422796696277,0.4262753833842319,-0.0031456084599042907,0.09185590626863634,0.05127040377775866,0.004608084848584871
-4.0,60,20,5,0.9,6945,2286,-0.003938736130058785,0.0013782232797230113,-0.006641435728205495,-0.001236036531912074,0.004304021808791029,0.45932325413966885,-0.00345655582638138,-0.007150393186361082,-0.0030648950662516463,-0.002306677751033495,-0.004843715435327587,-0.0038550640316811695,-0.007249910158056292,0.0033948461263751226,-0.014968631080181876,-0.0026965034882874724,-0.012272127591894404,0.016130803084171474,-0.0004960422796696277,0.4262753833842319,-0.0031456084599042907,0.09185590626863634,0.05127040377775866,0.004608084848584871
-4.0,60,20,10,0.6,6942,2284,-0.0034632480176845773,0.0015469680923067787,-0.00649685806046243,-0.00042963797490672443,0.025269319918072047,0.468596946125036,-0.003439739166527178,-0.005904412029800167,8.34087469213016e-05,-0.0026660837800185897,-0.0032383282497815773,-0.0027359780022147926,-0.006122181475044133,0.0033862034728293407,-0.004623237567797252,-0.0026893644993817413,-0.0019338730684155103,0.007486396356941483,-0.00038815404625444893,0.6741781328804758,-9.963653329496806e-05,0.967549386746862,0.04372446042496497,0.004197393077866139
-4.0,60,20,10,0.75,6942,2284,-0.0034632480176845773,0.0015469680923067787,-0.00649685806046243,-0.00042963797490672443,0.025269319918072047,0.468596946125036,-0.003439739166527178,-0.005904412029800167,8.34087469213016e-05,-0.0026660837800185897,-0.0032383282497815773,-0.0027359780022147926,-0.006122181475044133,0.0033862034728293407,-0.005661080760701651,-0.0027297925950869485,-0.0029312881656147023,0.007486396356941483,-0.00038815404625444893,0.6741781328804758,-9.963653329496806e-05,0.967549386746862,0.04372446042496497,0.004197393077866139
-4.0,60,20,10,0.9,6942,2284,-0.0034632480176845773,0.0015469680923067787,-0.00649685806046243,-0.00042963797490672443,0.025269319918072047,0.468596946125036,-0.003439739166527178,-0.005904412029800167,8.34087469213016e-05,-0.0026660837800185897,-0.0032383282497815773,-0.0027359780022147926,-0.006122181475044133,0.0033862034728293407,-0.01341524343955715,-0.00234187395428076,-0.01107336948527639,0.007486396356941483,-0.00038815404625444893,0.6741781328804758,-9.963653329496806e-05,0.967549386746862,0.04372446042496497,0.004197393077866139
-4.0,60,20,20,0.6,6932,2278,-0.00496003795130294,0.0019207103959449163,-0.008726563272338811,-0.001193512630267068,0.009873551201180471,0.4659549913444893,-0.005267613983952146,-0.009017297661357445,-0.000941555143782968,-0.0033975218830114007,-0.005619775778346044,-0.0046243489957578775,-0.010697543835991896,0.006073194840234018,-0.005927683183835973,-0.004314087621671195,-0.001613595562164778,0.007985161255188777,-0.0004328641172487283,0.7182419790702419,0.00039789530459656943,0.8998093739624828,0.05764301998140579,0.007192127441321954
-4.0,60,20,20,0.75,6932,2278,-0.00496003795130294,0.0019207103959449163,-0.008726563272338811,-0.001193512630267068,0.009873551201180471,0.4659549913444893,-0.005267613983952146,-0.009017297661357445,-0.000941555143782968,-0.0033975218830114007,-0.005619775778346044,-0.0046243489957578775,-0.010697543835991896,0.006073194840234018,-0.010496471800406172,-0.003114560001601862,-0.007381911798804311,0.007985161255188777,-0.0004328641172487283,0.7182419790702419,0.00039789530459656943,0.8998093739624828,0.05764301998140579,0.007192127441321954
-4.0,60,20,20,0.9,6932,2278,-0.00496003795130294,0.0019207103959449163,-0.008726563272338811,-0.001193512630267068,0.009873551201180471,0.4659549913444893,-0.005267613983952146,-0.009017297661357445,-0.000941555143782968,-0.0033975218830114007,-0.005619775778346044,-0.0046243489957578775,-0.010697543835991896,0.006073194840234018,-0.02091875966181059,-0.0031589492753538503,-0.017759810386456742,0.007985161255188777,-0.0004328641172487283,0.7182419790702419,0.00039789530459656943,0.8998093739624828,0.05764301998140579,0.007192127441321954
-4.0,60,20,60,0.6,6882,2258,-0.006318573153042831,0.0034268205965890816,-0.013038621841123282,0.0004014755350376211,0.06533473049123154,0.4670154024992735,-0.00881829799054934,-0.006066697038178341,0.0026693037534280817,-0.007268075377139465,0.0012013783389611243,-0.004697074662670082,-0.01608862325305324,0.01139154859038316,0.0006818324659208389,-0.010988901901740978,0.011670734367661816,0.020895156710351248,0.0014261116039272783,0.2287434980255888,0.0071298699695806714,0.10587629547063535,0.1347911657445883,2.574499876942696e-06
-4.0,60,20,60,0.75,6882,2258,-0.006318573153042831,0.0034268205965890816,-0.013038621841123282,0.0004014755350376211,0.06533473049123154,0.4670154024992735,-0.00881829799054934,-0.006066697038178341,0.0026693037534280817,-0.007268075377139465,0.0012013783389611243,-0.004697074662670082,-0.01608862325305324,0.01139154859038316,-0.0018039136875041403,-0.007824042817873696,0.006020129130369555,0.020895156710351248,0.0014261116039272783,0.2287434980255888,0.0071298699695806714,0.10587629547063535,0.1347911657445883,2.574499876942696e-06
-4.0,60,20,60,0.9,6882,2258,-0.006318573153042831,0.0034268205965890816,-0.013038621841123282,0.0004014755350376211,0.06533473049123154,0.4670154024992735,-0.00881829799054934,-0.006066697038178341,0.0026693037534280817,-0.007268075377139465,0.0012013783389611243,-0.004697074662670082,-0.01608862325305324,0.01139154859038316,-0.0006457938790387012,-0.006949696182235281,0.006303902303196579,0.020895156710351248,0.0014261116039272783,0.2287434980255888,0.0071298699695806714,0.10587629547063535,0.1347911657445883,2.574499876942696e-06
-4.0,60,40,5,0.6,6684,2230,-0.003698342462861184,0.0013443844027172826,-0.0063347190336703494,-0.0010619658920520188,0.005990202075301258,0.4582585278276481,-0.0034534802046968793,-0.0060445706155341,-0.0033244336181910547,-0.002459077471683247,-0.003585493143850853,-0.003732346520993477,-0.007198277794219957,0.0034659312732264794,-0.005027255609660055,-0.002811626905942507,-0.0022156287037175476,0.013550515576605915,6.481087900207417e-05,0.8697811681862546,-0.0017494579379963952,0.31014554532772,0.050192123649949336,0.0054138834333249414
-4.0,60,40,5,0.75,6684,2230,-0.003698342462861184,0.0013443844027172826,-0.0063347190336703494,-0.0010619658920520188,0.005990202075301258,0.4582585278276481,-0.0034534802046968793,-0.0060445706155341,-0.0033244336181910547,-0.002459077471683247,-0.003585493143850853,-0.003732346520993477,-0.007198277794219957,0.0034659312732264794,-0.00658317987796455,-0.002733658360186372,-0.003849521517778178,0.013550515576605915,6.481087900207417e-05,0.8697811681862546,-0.0017494579379963952,0.31014554532772,0.050192123649949336,0.0054138834333249414
-4.0,60,40,5,0.9,6684,2230,-0.003698342462861184,0.0013443844027172826,-0.0063347190336703494,-0.0010619658920520188,0.005990202075301258,0.4582585278276481,-0.0034534802046968793,-0.0060445706155341,-0.0033244336181910547,-0.002459077471683247,-0.003585493143850853,-0.003732346520993477,-0.007198277794219957,0.0034659312732264794,-0.01052150518778206,-0.0028437241013559433,-0.007677781086426116,0.013550515576605915,6.481087900207417e-05,0.8697811681862546,-0.0017494579379963952,0.31014554532772,0.050192123649949336,0.0054138834333249414
-4.0,60,40,10,0.6,6681,2228,-0.002934537329789745,0.0014054292543150006,-0.005690625959171653,-0.00017844870040783709,0.03691112887383212,0.47103726986977995,-0.00310387786900046,-0.004633103205266793,0.0002560870689365008,-0.0024807537365783817,-0.002152349468688411,-0.0027485962185748694,-0.005785271799361471,0.0030366755807866015,-0.003267222119422694,-0.0027123876013154216,-0.0005548345181072725,0.00754714295554193,0.00046077279240060994,0.3246299297053571,0.001385212779111609,0.5202033171089473,0.04524121335446914,0.0050262299086390825
-4.0,60,40,10,0.75,6681,2228,-0.002934537329789745,0.0014054292543150006,-0.005690625959171653,-0.00017844870040783709,0.03691112887383212,0.47103726986977995,-0.00310387786900046,-0.004633103205266793,0.0002560870689365008,-0.0024807537365783817,-0.002152349468688411,-0.0027485962185748694,-0.005785271799361471,0.0030366755807866015,-0.0037921469104273734,-0.0026475824661125525,-0.0011445644443148209,0.00754714295554193,0.00046077279240060994,0.3246299297053571,0.001385212779111609,0.5202033171089473,0.04524121335446914,0.0050262299086390825
-4.0,60,40,10,0.9,6681,2228,-0.002934537329789745,0.0014054292543150006,-0.005690625959171653,-0.00017844870040783709,0.03691112887383212,0.47103726986977995,-0.00310387786900046,-0.004633103205266793,0.0002560870689365008,-0.0024807537365783817,-0.002152349468688411,-0.0027485962185748694,-0.005785271799361471,0.0030366755807866015,-0.009659103506712967,-0.002091842831620488,-0.0075672606750924794,0.00754714295554193,0.00046077279240060994,0.3246299297053571,0.001385212779111609,0.5202033171089473,0.04524121335446914,0.0050262299086390825
-4.0,60,40,20,0.6,6671,2222,-0.004541775575825647,0.0018276759842807263,-0.008125907884727382,-0.0009576432669239129,0.013028245711149798,0.46754609503822514,-0.005058849732091808,-0.0074889987714726845,-0.0006726021361442685,-0.003549148997434197,-0.003939849774038487,-0.004520135292654413,-0.010392258831819268,0.005872123539164855,-0.0042965497063267325,-0.004705525150183549,0.00040897544385681654,0.008562228263316762,0.0006506321347070034,0.266016486116718,0.0018710657728315747,0.5031273997111321,0.06255473011398059,0.005537474878194707
-4.0,60,40,20,0.75,6671,2222,-0.004541775575825647,0.0018276759842807263,-0.008125907884727382,-0.0009576432669239129,0.013028245711149798,0.46754609503822514,-0.005058849732091808,-0.0074889987714726845,-0.0006726021361442685,-0.003549148997434197,-0.003939849774038487,-0.004520135292654413,-0.010392258831819268,0.005872123539164855,-0.00800935518985473,-0.003379206349745041,-0.004630148840109689,0.008562228263316762,0.0006506321347070034,0.266016486116718,0.0018710657728315747,0.5031273997111321,0.06255473011398059,0.005537474878194707
-4.0,60,40,20,0.9,6671,2222,-0.004541775575825647,0.0018276759842807263,-0.008125907884727382,-0.0009576432669239129,0.013028245711149798,0.46754609503822514,-0.005058849732091808,-0.0074889987714726845,-0.0006726021361442685,-0.003549148997434197,-0.003939849774038487,-0.004520135292654413,-0.010392258831819268,0.005872123539164855,-0.021911904553862105,-0.002361351084572211,-0.019550553469289893,0.008562228263316762,0.0006506321347070034,0.266016486116718,0.0018710657728315747,0.5031273997111321,0.06255473011398059,0.005537474878194707
-4.0,60,40,60,0.6,6623,2202,-0.006473406640091073,0.003436128280840603,-0.013211799830868589,0.00026498655068644354,0.059706880354331866,0.4671598973274951,-0.008776152584511365,-0.005139309713449835,0.0033214793217795466,-0.00805082223827868,0.002911512524828846,-0.0055268447434952675,-0.01583708616825989,0.01031024142476462,0.0020445289070699195,-0.01215131586616794,0.01419584477323786,0.019273928120747907,0.0024132517632308756,0.0032762476644655493,0.008367968246664704,0.04795167026524263,0.126996471352261,2.1691799160603806e-06
-4.0,60,40,60,0.75,6623,2202,-0.006473406640091073,0.003436128280840603,-0.013211799830868589,0.00026498655068644354,0.059706880354331866,0.4671598973274951,-0.008776152584511365,-0.005139309713449835,0.0033214793217795466,-0.00805082223827868,0.002911512524828846,-0.0055268447434952675,-0.01583708616825989,0.01031024142476462,-0.0005333472125165818,-0.008453825084235093,0.00792047787171851,0.019273928120747907,0.0024132517632308756,0.0032762476644655493,0.008367968246664704,0.04795167026524263,0.126996471352261,2.1691799160603806e-06
-4.0,60,40,60,0.9,6623,2202,-0.006473406640091073,0.003436128280840603,-0.013211799830868589,0.00026498655068644354,0.059706880354331866,0.4671598973274951,-0.008776152584511365,-0.005139309713449835,0.0033214793217795466,-0.00805082223827868,0.002911512524828846,-0.0055268447434952675,-0.01583708616825989,0.01031024142476462,-0.003010856569898559,-0.006859877905058849,0.0038490213351602904,0.019273928120747907,0.0024132517632308756,0.0032762476644655493,0.008367968246664704,0.04795167026524263,0.126996471352261,2.1691799160603806e-06
-4.0,120,5,5,0.6,7091,2172,-0.004303669767943379,0.002087033047722262,-0.008396461146139836,-0.00021087838974692165,0.03931701648162895,0.4631222676632351,-0.0036652213921153365,-0.007452170939636853,-0.005681806960106904,-0.001727669867981919,-0.005724501071654934,-0.0024831522346819416,-0.008708170858583551,0.00622501862390161,-0.007743586029377977,-0.0019947181976945594,-0.005748867831683418,0.036483474485337175,0.00042650414587585336,0.6212391527648946,-0.002843137865095566,0.19281344528684896,0.06899505257916061,7.634152873460613e-07
-4.0,120,5,5,0.75,7091,2172,-0.004303669767943379,0.002087033047722262,-0.008396461146139836,-0.00021087838974692165,0.03931701648162895,0.4631222676632351,-0.0036652213921153365,-0.007452170939636853,-0.005681806960106904,-0.001727669867981919,-0.005724501071654934,-0.0024831522346819416,-0.008708170858583551,0.00622501862390161,-0.011074580462437362,-0.0020377787054908455,-0.009036801756946516,0.036483474485337175,0.00042650414587585336,0.6212391527648946,-0.002843137865095566,0.19281344528684896,0.06899505257916061,7.634152873460613e-07
-4.0,120,5,5,0.9,7091,2172,-0.004303669767943379,0.002087033047722262,-0.008396461146139836,-0.00021087838974692165,0.03931701648162895,0.4631222676632351,-0.0036652213921153365,-0.007452170939636853,-0.005681806960106904,-0.001727669867981919,-0.005724501071654934,-0.0024831522346819416,-0.008708170858583551,0.00622501862390161,-0.017470607924564976,-0.0026340024154908057,-0.014836605509074171,0.036483474485337175,0.00042650414587585336,0.6212391527648946,-0.002843137865095566,0.19281344528684896,0.06899505257916061,7.634152873460613e-07
-4.0,120,5,10,0.6,7088,2170,-0.003808941811127142,0.0024763984774109947,-0.00866530360259399,0.0010474199803397048,0.12417068582932976,0.47192437923250563,-0.0033059318557739914,-0.005816738601429067,-0.0008581154957500889,-0.0028052568145234256,-0.0030114817869056417,-7.20330461661587e-05,-0.009208458040415668,0.00913642499424951,-0.005668900130059972,-0.002559611317655281,-0.003109288812404691,0.028953241908212135,-3.65448959261489e-05,0.9755566263878308,0.0018108929385190272,0.49954769828000134,0.07752492817263187,2.5079009352848636e-07
-4.0,120,5,10,0.75,7088,2170,-0.003808941811127142,0.0024763984774109947,-0.00866530360259399,0.0010474199803397048,0.12417068582932976,0.47192437923250563,-0.0033059318557739914,-0.005816738601429067,-0.0008581154957500889,-0.0028052568145234256,-0.0030114817869056417,-7.20330461661587e-05,-0.009208458040415668,0.00913642499424951,-0.00924169929489571,-0.0019898377045093445,-0.007251861590386365,0.028953241908212135,-3.65448959261489e-05,0.9755566263878308,0.0018108929385190272,0.49954769828000134,0.07752492817263187,2.5079009352848636e-07
-4.0,120,5,10,0.9,7088,2170,-0.003808941811127142,0.0024763984774109947,-0.00866530360259399,0.0010474199803397048,0.12417068582932976,0.47192437923250563,-0.0033059318557739914,-0.005816738601429067,-0.0008581154957500889,-0.0028052568145234256,-0.0030114817869056417,-7.20330461661587e-05,-0.009208458040415668,0.00913642499424951,-0.009182783027580514,-0.0031271730844610393,-0.006055609943119475,0.028953241908212135,-3.65448959261489e-05,0.9755566263878308,0.0018108929385190272,0.49954769828000134,0.07752492817263187,2.5079009352848636e-07
-4.0,120,5,20,0.6,7080,2165,-0.005040128631584157,0.0028005010852544024,-0.010532081617481634,0.00045182435431332,0.07204349303014165,0.46624293785310733,-0.005615402689993276,-0.007299128602090248,-0.001188627024110077,-0.003977533645399383,-0.0033215949566908643,-0.0024368276180427475,-0.01348931037327591,0.011052482755233161,-0.007951462980716096,-0.0030980965592764596,-0.004853366421439636,0.02661896613525805,-0.00034790572103628143,0.8231419456740927,0.0018551005142923673,0.5823518132054852,0.09332218743174013,5.150392614895937e-09
-4.0,120,5,20,0.75,7080,2165,-0.005040128631584157,0.0028005010852544024,-0.010532081617481634,0.00045182435431332,0.07204349303014165,0.46624293785310733,-0.005615402689993276,-0.007299128602090248,-0.001188627024110077,-0.003977533645399383,-0.0033215949566908643,-0.0024368276180427475,-0.01348931037327591,0.011052482755233161,-0.013109334471450051,-0.0023341595664612656,-0.010775174904988786,0.02661896613525805,-0.00034790572103628143,0.8231419456740927,0.0018551005142923673,0.5823518132054852,0.09332218743174013,5.150392614895937e-09
-4.0,120,5,20,0.9,7080,2165,-0.005040128631584157,0.0028005010852544024,-0.010532081617481634,0.00045182435431332,0.07204349303014165,0.46624293785310733,-0.005615402689993276,-0.007299128602090248,-0.001188627024110077,-0.003977533645399383,-0.0033215949566908643,-0.0024368276180427475,-0.01348931037327591,0.011052482755233161,-0.0076668402080983,-0.004706458488626772,-0.002960381719471528,0.02661896613525805,-0.00034790572103628143,0.8231419456740927,0.0018551005142923673,0.5823518132054852,0.09332218743174013,5.150392614895937e-09
-4.0,120,5,60,0.6,7037,2146,-0.004718709214208616,0.004147057839233416,-0.012851382221010144,0.003413963792592912,0.25531226903931165,0.4663919283785704,-0.008991274673452843,0.0013644794827760219,-0.0003104792087571128,-0.009698559454713925,0.011063038937489948,-0.0020655088265776928,-0.01829896276186399,0.016233453935286298,0.0036100611386111424,-0.01027188035186556,0.013881941490476703,0.055934089604252946,0.000874454038305018,0.5477777742662127,0.008246200200667688,0.082787197789491,0.13770200805897978,8.411880318077272e-09
-4.0,120,5,60,0.75,7037,2146,-0.004718709214208616,0.004147057839233416,-0.012851382221010144,0.003413963792592912,0.25531226903931165,0.4663919283785704,-0.008991274673452843,0.0013644794827760219,-0.0003104792087571128,-0.009698559454713925,0.011063038937489948,-0.0020655088265776928,-0.01829896276186399,0.016233453935286298,0.0009061696418151794,-0.006620408131495231,0.00752657777331041,0.055934089604252946,0.000874454038305018,0.5477777742662127,0.008246200200667688,0.082787197789491,0.13770200805897978,8.411880318077272e-09
-4.0,120,5,60,0.9,7037,2146,-0.004718709214208616,0.004147057839233416,-0.012851382221010144,0.003413963792592912,0.25531226903931165,0.4663919283785704,-0.008991274673452843,0.0013644794827760219,-0.0003104792087571128,-0.009698559454713925,0.011063038937489948,-0.0020655088265776928,-0.01829896276186399,0.016233453935286298,0.034357658962852124,-0.00971677650148133,0.044074435464333456,0.055934089604252946,0.000874454038305018,0.5477777742662127,0.008246200200667688,0.082787197789491,0.13770200805897978,8.411880318077272e-09
-4.0,120,10,5,0.6,6651,2159,-0.004671336002523834,0.001772419151589513,-0.00814716318527936,-0.0011955088197683093,0.008459733622980846,0.4630882574049015,-0.003635434326952014,-0.0086799301263108,-0.005382682641994522,-0.0018933111948631449,-0.006786618931447655,-0.002764802883026825,-0.007853124099689881,0.005088321216663055,-0.00803379092482147,-0.002428856667126841,-0.005604934257694629,0.025280639001055927,0.00011125586126161551,0.8984727069476857,-0.0017982365243985918,0.3859036412267699,0.053690450465340496,0.0003018333644474984
-4.0,120,10,5,0.75,6651,2159,-0.004671336002523834,0.001772419151589513,-0.00814716318527936,-0.0011955088197683093,0.008459733622980846,0.4630882574049015,-0.003635434326952014,-0.0086799301263108,-0.005382682641994522,-0.0018933111948631449,-0.006786618931447655,-0.002764802883026825,-0.007853124099689881,0.005088321216663055,-0.012088537698329523,-0.0021984397675348898,-0.009890097930794633,0.025280639001055927,0.00011125586126161551,0.8984727069476857,-0.0017982365243985918,0.3859036412267699,0.053690450465340496,0.0003018333644474984
-4.0,120,10,5,0.9,6651,2159,-0.004671336002523834,0.001772419151589513,-0.00814716318527936,-0.0011955088197683093,0.008459733622980846,0.4630882574049015,-0.003635434326952014,-0.0086799301263108,-0.005382682641994522,-0.0018933111948631449,-0.006786618931447655,-0.002764802883026825,-0.007853124099689881,0.005088321216663055,-0.017710567708995723,-0.0030637293236309994,-0.014646838385364723,0.025280639001055927,0.00011125586126161551,0.8984727069476857,-0.0017982365243985918,0.3859036412267699,0.053690450465340496,0.0003018333644474984
-4.0,120,10,10,0.6,6648,2157,-0.004498271980839003,0.0019012985084854415,-0.008226841756588615,-0.0007697022050893905,0.018074561208766552,0.4694645006016847,-0.0033683554602623733,-0.007559734794547243,-0.0012488973226131245,-0.0030040690939926898,-0.004555665700554554,-0.0012365400535911655,-0.008537743484617801,0.007301203431026635,-0.0064186790976437985,-0.003218161044869095,-0.0032005180527747033,0.016018013854650404,4.615098716644105e-05,0.9707625883086146,0.0017822637889184083,0.5075040563886446,0.0555419803085558,4.0487966549188e-05
-4.0,120,10,10,0.75,6648,2157,-0.004498271980839003,0.0019012985084854415,-0.008226841756588615,-0.0007697022050893905,0.018074561208766552,0.4694645006016847,-0.0033683554602623733,-0.007559734794547243,-0.0012488973226131245,-0.0030040690939926898,-0.004555665700554554,-0.0012365400535911655,-0.008537743484617801,0.007301203431026635,-0.011931039079021185,-0.0020206829481116085,-0.009910356130909577,0.016018013854650404,4.615098716644105e-05,0.9707625883086146,0.0017822637889184083,0.5075040563886446,0.0555419803085558,4.0487966549188e-05
-4.0,120,10,10,0.9,6648,2157,-0.004498271980839003,0.0019012985084854415,-0.008226841756588615,-0.0007697022050893905,0.018074561208766552,0.4694645006016847,-0.0033683554602623733,-0.007559734794547243,-0.0012488973226131245,-0.0030040690939926898,-0.004555665700554554,-0.0012365400535911655,-0.008537743484617801,0.007301203431026635,-0.016711389271089748,-0.0029917536263471055,-0.013719635644742642,0.016018013854650404,4.615098716644105e-05,0.9707625883086146,0.0017822637889184083,0.5075040563886446,0.0555419803085558,4.0487966549188e-05
-4.0,120,10,20,0.6,6640,2152,-0.005539514658382311,0.002253107658333968,-0.009958010779657649,-0.0011210185371069731,0.014025853392661242,0.46460843373493976,-0.005705846559943328,-0.008506360154213487,-0.0014671192992867477,-0.004225519728378087,-0.0042808404258354,-0.002451510820532818,-0.013228924669222717,0.0107774138486899,-0.007154113773660312,-0.004461087366866558,-0.0026930264067937543,0.014537996025735689,-0.00015743036705854175,0.9239151768793269,0.002992820333359119,0.39712203525293455,0.07163339388405746,0.0001683570881911363
-4.0,120,10,20,0.75,6640,2152,-0.005539514658382311,0.002253107658333968,-0.009958010779657649,-0.0011210185371069731,0.014025853392661242,0.46460843373493976,-0.005705846559943328,-0.008506360154213487,-0.0014671192992867477,-0.004225519728378087,-0.0042808404258354,-0.002451510820532818,-0.013228924669222717,0.0107774138486899,-0.013654214033663252,-0.0028302679003033783,-0.010823946133359874,0.014537996025735689,-0.00015743036705854175,0.9239151768793269,0.002992820333359119,0.39712203525293455,0.07163339388405746,0.0001683570881911363
-4.0,120,10,20,0.9,6640,2152,-0.005539514658382311,0.002253107658333968,-0.009958010779657649,-0.0011210185371069731,0.014025853392661242,0.46460843373493976,-0.005705846559943328,-0.008506360154213487,-0.0014671192992867477,-0.004225519728378087,-0.0042808404258354,-0.002451510820532818,-0.013228924669222717,0.0107774138486899,-0.012497383352588381,-0.004680082484647889,-0.007817300867940493,0.014537996025735689,-0.00015743036705854175,0.9239151768793269,0.002992820333359119,0.39712203525293455,0.07163339388405746,0.0001683570881911363
-4.0,120,10,60,0.6,6597,2133,-0.007873011340457665,0.0038045997178011493,-0.015334125495304347,-0.0004118971856109819,0.03863439774544063,0.4612702743671366,-0.010224781430297814,-0.006258831999998052,0.0002601995094057694,-0.009793517472478438,0.0035346854724803865,-0.003920757242686582,-0.01962033805428037,0.015699580811593786,-0.002091520133546743,-0.011742455733746984,0.009650935600200241,0.02554458489329936,0.0009125054679406985,0.5521854045131913,0.006741859982163842,0.144430838508391,0.1127816829527452,1.225337511186551e-06
-4.0,120,10,60,0.75,6597,2133,-0.007873011340457665,0.0038045997178011493,-0.015334125495304347,-0.0004118971856109819,0.03863439774544063,0.4612702743671366,-0.010224781430297814,-0.006258831999998052,0.0002601995094057694,-0.009793517472478438,0.0035346854724803865,-0.003920757242686582,-0.01962033805428037,0.015699580811593786,-0.011556984760914865,-0.0066412944990305285,-0.004915690261884337,0.02554458489329936,0.0009125054679406985,0.5521854045131913,0.006741859982163842,0.144430838508391,0.1127816829527452,1.225337511186551e-06
-4.0,120,10,60,0.9,6597,2133,-0.007873011340457665,0.0038045997178011493,-0.015334125495304347,-0.0004118971856109819,0.03863439774544063,0.4612702743671366,-0.010224781430297814,-0.006258831999998052,0.0002601995094057694,-0.009793517472478438,0.0035346854724803865,-0.003920757242686582,-0.01962033805428037,0.015699580811593786,0.013123124761847802,-0.010485450296428856,0.023608575058276658,0.02554458489329936,0.0009125054679406985,0.5521854045131913,0.006741859982163842,0.144430838508391,0.1127816829527452,1.225337511186551e-06
-4.0,120,20,5,0.6,6330,2138,-0.0037436842635429775,0.0014371740930246065,-0.006562090012583928,-0.0009252785145020268,0.009254032687554654,0.46571879936808847,-0.003445377098001523,-0.006111793248583378,-0.0051486767194278546,-0.0021031335496863013,-0.004008659698897077,-0.0021567143905880702,-0.007380086697257895,0.0052233723066698245,-0.00577776121751544,-0.002384953017608802,-0.003392808199906638,0.015323147749817356,-5.882757689144305e-06,0.9946199074909058,0.0005787053273923102,0.7785348969198881,0.04828006425571306,0.002326973071313906
-4.0,120,20,5,0.75,6330,2138,-0.0037436842635429775,0.0014371740930246065,-0.006562090012583928,-0.0009252785145020268,0.009254032687554654,0.46571879936808847,-0.003445377098001523,-0.006111793248583378,-0.0051486767194278546,-0.0021031335496863013,-0.004008659698897077,-0.0021567143905880702,-0.007380086697257895,0.0052233723066698245,-0.008804432004520813,-0.0020560576206173583,-0.006748374383903456,0.015323147749817356,-5.882757689144305e-06,0.9946199074909058,0.0005787053273923102,0.7785348969198881,0.04828006425571306,0.002326973071313906
-4.0,120,20,5,0.9,6330,2138,-0.0037436842635429775,0.0014371740930246065,-0.006562090012583928,-0.0009252785145020268,0.009254032687554654,0.46571879936808847,-0.003445377098001523,-0.006111793248583378,-0.0051486767194278546,-0.0021031335496863013,-0.004008659698897077,-0.0021567143905880702,-0.007380086697257895,0.0052233723066698245,-0.007890573086628806,-0.0032172944236177163,-0.00467327866301109,0.015323147749817356,-5.882757689144305e-06,0.9946199074909058,0.0005787053273923102,0.7785348969198881,0.04828006425571306,0.002326973071313906
-4.0,120,20,10,0.6,6327,2136,-0.004121623196472136,0.0016403407517559412,-0.007338455646922155,-0.0009047907460221168,0.012055544218783996,0.47004899636478586,-0.0032890462959276334,-0.00642164549339386,-0.0008865810068358681,-0.003263213772872089,-0.003158431720521771,-0.001378628377619345,-0.007953325844274706,0.006574697466655361,-0.005614881483086266,-0.0031259865464667723,-0.0024888949366194935,0.009265766596518121,0.00010118811433543865,0.9376184452584316,0.004398813054089679,0.10409853076696605,0.03902445515027701,0.004023627244895354
-4.0,120,20,10,0.75,6327,2136,-0.004121623196472136,0.0016403407517559412,-0.007338455646922155,-0.0009047907460221168,0.012055544218783996,0.47004899636478586,-0.0032890462959276334,-0.00642164549339386,-0.0008865810068358681,-0.003263213772872089,-0.003158431720521771,-0.001378628377619345,-0.007953325844274706,0.006574697466655361,-0.009309657532055452,-0.0023904557527056115,-0.006919201779349841,0.009265766596518121,0.00010118811433543865,0.9376184452584316,0.004398813054089679,0.10409853076696605,0.03902445515027701,0.004023627244895354
-4.0,120,20,10,0.9,6327,2136,-0.004121623196472136,0.0016403407517559412,-0.007338455646922155,-0.0009047907460221168,0.012055544218783996,0.47004899636478586,-0.0032890462959276334,-0.00642164549339386,-0.0008865810068358681,-0.003263213772872089,-0.003158431720521771,-0.001378628377619345,-0.007953325844274706,0.006574697466655361,-0.009315605076252178,-0.0034619671436963667,-0.00585363793255581,0.009265766596518121,0.00010118811433543865,0.9376184452584316,0.004398813054089679,0.10409853076696605,0.03902445515027701,0.004023627244895354
-4.0,120,20,20,0.6,6319,2131,-0.004986081127577156,0.0020632877738459045,-0.009032350109214483,-0.0009398121459398305,0.015751045871897167,0.4644722266181358,-0.005538297524619651,-0.006712879023617583,-0.0012222173256582999,-0.004555487465103386,-0.0021573915585141974,-0.002238546456110292,-0.012631504652862785,0.010392958196752494,-0.005846057451127335,-0.004412612347325281,-0.001433445103802054,0.013576003164668227,-0.0001691696977511971,0.9200415547308658,0.005088151741002695,0.1490058613465991,0.07263472727691882,0.0009009177545420648
-4.0,120,20,20,0.75,6319,2131,-0.004986081127577156,0.0020632877738459045,-0.009032350109214483,-0.0009398121459398305,0.015751045871897167,0.4644722266181358,-0.005538297524619651,-0.006712879023617583,-0.0012222173256582999,-0.004555487465103386,-0.0021573915585141974,-0.002238546456110292,-0.012631504652862785,0.010392958196752494,-0.010260408950201822,-0.0032231459622023987,-0.0070372629879994235,0.013576003164668227,-0.0001691696977511971,0.9200415547308658,0.005088151741002695,0.1490058613465991,0.07263472727691882,0.0009009177545420648
-4.0,120,20,20,0.9,6319,2131,-0.004986081127577156,0.0020632877738459045,-0.009032350109214483,-0.0009398121459398305,0.015751045871897167,0.4644722266181358,-0.005538297524619651,-0.006712879023617583,-0.0012222173256582999,-0.004555487465103386,-0.0021573915585141974,-0.002238546456110292,-0.012631504652862785,0.010392958196752494,-0.010169161068487205,-0.004326870282434654,-0.005842290786052551,0.013576003164668227,-0.0001691696977511971,0.9200415547308658,0.005088151741002695,0.1490058613465991,0.07263472727691882,0.0009009177545420648
-4.0,120,20,60,0.6,6277,2113,-0.007444077673675524,0.0037571788546593462,-0.014812235483585416,-7.591986376563088e-05,0.04768775737019126,0.4624820774255217,-0.009818186824078534,-0.004387251163703174,0.0007709195232809271,-0.010154180073642393,0.005766928909939219,-0.0052870465969369245,-0.017486596128295485,0.012199549531358562,-7.427490853167805e-05,-0.012357931827492888,0.01228365691896121,0.021177808211074844,0.0008461779679033337,0.5881348067868121,0.00950360513226072,0.04231468964216988,0.10970893518669808,1.8808019553640317e-05
-4.0,120,20,60,0.75,6277,2113,-0.007444077673675524,0.0037571788546593462,-0.014812235483585416,-7.591986376563088e-05,0.04768775737019126,0.4624820774255217,-0.009818186824078534,-0.004387251163703174,0.0007709195232809271,-0.010154180073642393,0.005766928909939219,-0.0052870465969369245,-0.017486596128295485,0.012199549531358562,-0.002381131213011693,-0.009151500819655677,0.006770369606643983,0.021177808211074844,0.0008461779679033337,0.5881348067868121,0.00950360513226072,0.04231468964216988,0.10970893518669808,1.8808019553640317e-05
-4.0,120,20,60,0.9,6277,2113,-0.007444077673675524,0.0037571788546593462,-0.014812235483585416,-7.591986376563088e-05,0.04768775737019126,0.4624820774255217,-0.009818186824078534,-0.004387251163703174,0.0007709195232809271,-0.010154180073642393,0.005766928909939219,-0.0052870465969369245,-0.017486596128295485,0.012199549531358562,0.003789539949227203,-0.008883612067120822,0.012673152016348025,0.021177808211074844,0.0008461779679033337,0.5881348067868121,0.00950360513226072,0.04231468964216988,0.10970893518669808,1.8808019553640317e-05
-4.0,120,40,5,0.6,6052,2087,-0.003474154082711839,0.0014541438395912429,-0.006325878282866412,-0.0006224298825572658,0.01697620923459199,0.4651354923992069,-0.0034384406253249455,-0.004985121942411956,-0.004799995091412369,-0.0023785126141390744,-0.0026066093282728817,-0.0016471279631656754,-0.0072507565154786065,0.005603628552312931,-0.004832069759645437,-0.0025668807638344823,-0.002265188995810955,0.021189491795085447,0.000761035764208222,0.11355191491702527,0.0012355492246024775,0.4955551077688958,0.058788389522056526,0.0005621621834704384
-4.0,120,40,5,0.75,6052,2087,-0.003474154082711839,0.0014541438395912429,-0.006325878282866412,-0.0006224298825572658,0.01697620923459199,0.4651354923992069,-0.0034384406253249455,-0.004985121942411956,-0.004799995091412369,-0.0023785126141390744,-0.0026066093282728817,-0.0016471279631656754,-0.0072507565154786065,0.005603628552312931,-0.008359719667332986,-0.0018456322211714558,-0.00651408744616153,0.021189491795085447,0.000761035764208222,0.11355191491702527,0.0012355492246024775,0.4955551077688958,0.058788389522056526,0.0005621621834704384
-4.0,120,40,5,0.9,6052,2087,-0.003474154082711839,0.0014541438395912429,-0.006325878282866412,-0.0006224298825572658,0.01697620923459199,0.4651354923992069,-0.0034384406253249455,-0.004985121942411956,-0.004799995091412369,-0.0023785126141390744,-0.0026066093282728817,-0.0016471279631656754,-0.0072507565154786065,0.005603628552312931,-0.007898647564700212,-0.002934421655728458,-0.004964225908971754,0.021189491795085447,0.000761035764208222,0.11355191491702527,0.0012355492246024775,0.4955551077688958,0.058788389522056526,0.0005621621834704384
-4.0,120,40,10,0.6,6049,2085,-0.003741440651875028,0.0016029100052744139,-0.0068849122088524796,-0.0005979690948975762,0.019682181283894155,0.4694990907588031,-0.003328403847298933,-0.00554969797711573,-7.935025028864882e-05,-0.0032591945565610798,-0.00229050342055465,-0.00036834857283872215,-0.007738929002274828,0.007370580429436106,-0.004491233897530277,-0.0032400616649872135,-0.0012511722325430638,0.014727180652629679,0.0012605356509026826,0.01925479381046165,0.005459557168785508,0.013387001947628404,0.055282978444706435,0.0010984722420270493
-4.0,120,40,10,0.75,6049,2085,-0.003741440651875028,0.0016029100052744139,-0.0068849122088524796,-0.0005979690948975762,0.019682181283894155,0.4694990907588031,-0.003328403847298933,-0.00554969797711573,-7.935025028864882e-05,-0.0032591945565610798,-0.00229050342055465,-0.00036834857283872215,-0.007738929002274828,0.007370580429436106,-0.008972135783885542,-0.0019967224563873934,-0.006975413327498149,0.014727180652629679,0.0012605356509026826,0.01925479381046165,0.005459557168785508,0.013387001947628404,0.055282978444706435,0.0010984722420270493
-4.0,120,40,10,0.9,6049,2085,-0.003741440651875028,0.0016029100052744139,-0.0068849122088524796,-0.0005979690948975762,0.019682181283894155,0.4694990907588031,-0.003328403847298933,-0.00554969797711573,-7.935025028864882e-05,-0.0032591945565610798,-0.00229050342055465,-0.00036834857283872215,-0.007738929002274828,0.007370580429436106,-0.009302656540345176,-0.0030626649044045483,-0.006239991635940628,0.014727180652629679,0.0012605356509026826,0.01925479381046165,0.005459557168785508,0.013387001947628404,0.055282978444706435,0.0010984722420270493
-4.0,120,40,20,0.6,6041,2080,-0.004877729440260161,0.002010231499281797,-0.008820005894725645,-0.0009354529857946766,0.015331812568481347,0.4654858467141202,-0.005460749239176055,-0.006304631029120279,-0.0007099023821970344,-0.00468656247582029,-0.0016180685532999886,-0.0010863024341050433,-0.012542103793208149,0.011455801359103106,-0.0050680952485075955,-0.0047501522439118635,-0.000317943004595732,0.015199634431780185,0.0012487366015712035,0.0676063873043454,0.006597469327449238,0.020037191029502462,0.07654220777196132,0.0007030033966540217
-4.0,120,40,20,0.75,6041,2080,-0.004877729440260161,0.002010231499281797,-0.008820005894725645,-0.0009354529857946766,0.015331812568481347,0.4654858467141202,-0.005460749239176055,-0.006304631029120279,-0.0007099023821970344,-0.00468656247582029,-0.0016180685532999886,-0.0010863024341050433,-0.012542103793208149,0.011455801359103106,-0.010460725419696346,-0.0030154983310045134,-0.007445227088691832,0.015199634431780185,0.0012487366015712035,0.0676063873043454,0.006597469327449238,0.020037191029502462,0.07654220777196132,0.0007030033966540217
-4.0,120,40,20,0.9,6041,2080,-0.004877729440260161,0.002010231499281797,-0.008820005894725645,-0.0009354529857946766,0.015331812568481347,0.4654858467141202,-0.005460749239176055,-0.006304631029120279,-0.0007099023821970344,-0.00468656247582029,-0.0016180685532999886,-0.0010863024341050433,-0.012542103793208149,0.011455801359103106,-0.011159803331904307,-0.004109829640761395,-0.007049973691142912,0.015199634431780185,0.0012487366015712035,0.0676063873043454,0.006597469327449238,0.020037191029502462,0.07654220777196132,0.0007030033966540217
-4.0,120,40,60,0.6,6000,2062,-0.008091673409200202,0.0037218914967645108,-0.015390733177290882,-0.0007926136411095224,0.029812910997972033,0.4593333333333333,-0.010685542291258066,-0.00469810279710389,0.0013894844018868837,-0.011131195236522801,0.0064330924394189115,-0.005368595022708787,-0.01762242184724143,0.012253826824532642,-0.0008119536338035127,-0.012948191103206162,0.01213623746940265,0.020117111003567834,0.0022462886434949465,0.025031008659762315,0.010942359673139663,0.013817085146748504,0.10457568790087551,3.8292308927377994e-05
-4.0,120,40,60,0.75,6000,2062,-0.008091673409200202,0.0037218914967645108,-0.015390733177290882,-0.0007926136411095224,0.029812910997972033,0.4593333333333333,-0.010685542291258066,-0.00469810279710389,0.0013894844018868837,-0.011131195236522801,0.0064330924394189115,-0.005368595022708787,-0.01762242184724143,0.012253826824532642,-0.00475405987402102,-0.00920618997875092,0.0044521301047299,0.020117111003567834,0.0022462886434949465,0.025031008659762315,0.010942359673139663,0.013817085146748504,0.10457568790087551,3.8292308927377994e-05
-4.0,120,40,60,0.9,6000,2062,-0.008091673409200202,0.0037218914967645108,-0.015390733177290882,-0.0007926136411095224,0.029812910997972033,0.4593333333333333,-0.010685542291258066,-0.00469810279710389,0.0013894844018868837,-0.011131195236522801,0.0064330924394189115,-0.005368595022708787,-0.01762242184724143,0.012253826824532642,0.000478772043192098,-0.009147336664099889,0.009626108707291987,0.020117111003567834,0.0022462886434949465,0.025031008659762315,0.010942359673139663,0.013817085146748504,0.10457568790087551,3.8292308927377994e-05
